frame,time_s,terrain_mean,splash_pixels,stem_color_pixels,upper_stem_pixels,stem_top_y
0,0.0,35.434,1414,6830,6830,280.0
1,0.016667,35.404,1231,6926,6926,280.0
2,0.033333,35.395,1206,7003,7003,280.0
3,0.05,35.397,1232,7114,7114,280.0
4,0.066667,35.396,1180,7220,7220,280.0
5,0.083333,35.395,1179,7176,7176,280.0
6,0.1,35.406,939,7501,7501,280.0
7,0.116667,35.395,970,7434,7434,280.0
8,0.133333,35.384,958,7546,7546,280.0
9,0.15,35.362,960,7651,7651,280.0
10,0.166667,35.36,947,7683,7683,280.0
11,0.183333,35.36,963,7700,7700,280.0
12,0.2,35.358,966,7663,7663,280.0
13,0.216667,35.359,961,7672,7672,280.0
14,0.233333,35.36,951,7616,7616,280.0
15,0.25,35.357,952,7620,7620,280.0
16,0.266667,35.353,940,7664,7664,280.0
17,0.283333,35.357,976,7666,7666,280.0
18,0.3,35.357,954,7670,7670,280.0
19,0.316667,35.357,954,7671,7671,280.0
20,0.333333,35.354,954,7636,7636,280.0
21,0.35,35.354,954,7636,7636,280.0
22,0.366667,35.354,947,7638,7638,280.0
23,0.383333,35.351,945,7607,7607,280.0
24,0.4,35.35,947,7599,7599,280.0
25,0.416667,35.349,948,7596,7596,280.0
26,0.433333,35.347,945,7606,7606,280.0
27,0.45,35.346,944,7638,7638,280.0
28,0.466667,35.346,943,7640,7640,280.0
29,0.483333,35.344,943,7646,7646,280.0
30,0.5,35.343,949,7649,7649,280.0
31,0.516667,35.341,901,7682,7682,280.0
32,0.533333,35.336,904,7750,7750,280.0
33,0.55,35.335,905,7707,7707,280.0
34,0.566667,35.335,908,7644,7644,280.0
35,0.583333,35.333,911,7677,7677,280.0
36,0.6,35.334,911,7681,7681,280.0
37,0.616667,35.335,914,7666,7666,280.0
38,0.633333,35.334,914,7651,7651,280.0
39,0.65,35.334,914,7657,7657,280.0
40,0.666667,35.334,914,7657,7657,280.0
41,0.683333,35.333,914,7678,7678,280.0
42,0.7,35.332,904,7658,7658,280.0
43,0.716667,35.332,911,7659,7659,280.0
44,0.733333,35.33,917,7677,7677,280.0
45,0.75,35.332,917,7696,7696,280.0
46,0.766667,35.331,918,7702,7702,280.0
47,0.783333,35.332,919,7718,7718,280.0
48,0.8,35.332,920,7715,7715,280.0
49,0.816667,35.332,918,7677,7677,280.0
50,0.833333,35.332,913,7669,7669,280.0
51,0.85,35.332,913,7672,7672,280.0
52,0.866667,35.332,904,7733,7733,280.0
53,0.883333,35.332,904,7737,7737,280.0
54,0.9,35.333,904,7730,7730,280.0
55,0.916667,35.333,903,7746,7746,280.0
56,0.933333,35.333,903,7746,7746,280.0
57,0.95,35.333,904,7712,7712,280.0
58,0.966667,35.333,917,7725,7725,280.0
59,0.983333,35.332,919,7745,7745,280.0
60,1.0,35.331,800,7680,7680,280.0
61,1.016667,35.33,800,7681,7681,280.0
62,1.033333,35.33,800,7673,7673,280.0
63,1.05,35.33,800,7669,7669,280.0
64,1.066667,35.331,803,7673,7673,280.0
65,1.083333,35.331,807,7674,7674,280.0
66,1.1,35.331,807,7668,7668,280.0
67,1.116667,35.329,807,7673,7673,280.0
68,1.133333,35.329,805,7667,7667,280.0
69,1.15,35.329,805,7717,7717,280.0
70,1.166667,35.332,805,7723,7723,280.0
71,1.183333,35.332,806,7723,7723,280.0
72,1.2,35.333,807,7725,7725,280.0
73,1.216667,35.332,808,7721,7721,280.0
74,1.233333,35.332,807,7722,7722,280.0
75,1.25,35.334,807,7720,7720,280.0
76,1.266667,35.334,807,7720,7720,280.0
77,1.283333,35.334,807,7719,7719,280.0
78,1.3,35.335,806,7720,7720,280.0
79,1.316667,35.334,806,7724,7724,280.0
80,1.333333,35.336,806,7720,7720,280.0
81,1.35,35.336,806,7723,7723,280.0
82,1.366667,35.335,807,7724,7724,280.0
83,1.383333,35.334,807,7723,7723,280.0
84,1.4,35.335,807,7728,7728,280.0
85,1.416667,35.334,810,7728,7728,280.0
86,1.433333,35.334,809,7723,7723,280.0
87,1.45,35.334,809,7721,7721,280.0
88,1.466667,35.334,809,7714,7714,280.0
89,1.483333,35.333,811,7716,7716,280.0
90,1.5,35.333,810,7716,7716,280.0
91,1.516667,35.331,809,7738,7738,280.0
92,1.533333,35.331,810,7737,7737,280.0
93,1.55,35.331,810,7738,7738,280.0
94,1.566667,35.331,811,7714,7714,280.0
95,1.583333,35.33,810,7720,7720,280.0
96,1.6,35.331,810,7721,7721,280.0
97,1.616667,35.33,810,7720,7720,280.0
98,1.633333,35.33,811,7721,7721,280.0
99,1.65,35.33,809,7715,7715,280.0
100,1.666667,35.329,809,7716,7716,280.0
101,1.683333,35.33,810,7710,7710,280.0
102,1.7,35.33,811,7737,7737,280.0
103,1.716667,35.329,810,7741,7741,280.0
104,1.733333,35.329,811,7749,7749,280.0
105,1.75,35.329,812,7763,7763,280.0
106,1.766667,35.329,812,7792,7792,280.0
107,1.783333,35.329,812,7793,7793,280.0
108,1.8,35.33,808,7791,7791,280.0
109,1.816667,35.257,811,8406,8406,280.0
110,1.833333,34.572,816,9011,9011,280.0
111,1.85,33.776,822,10507,10280,280.0
112,1.866667,33.362,839,11771,11270,280.0
113,1.883333,32.875,955,13161,12307,280.0
114,1.9,32.545,1003,14025,12738,280.0
115,1.916667,32.602,1487,13788,12052,280.0
116,1.933333,32.979,1382,12738,11013,280.0
117,1.95,32.85,1579,12932,11923,280.0
118,1.966667,32.708,2178,13360,12417,280.0
119,1.983333,32.679,1607,13813,12867,280.0
120,2.0,32.457,1445,13445,12578,280.0
121,2.016667,32.457,1428,13355,12488,280.0
122,2.033333,32.458,1435,13300,12438,280.0
123,2.05,32.46,1377,13311,12421,280.0
124,2.066667,32.46,1354,13283,12392,280.0
125,2.083333,32.459,1309,13371,12400,280.0
126,2.1,32.462,1272,13424,12315,280.0
127,2.116667,32.461,1162,13331,12249,280.0
128,2.133333,32.465,1115,13538,12439,280.0
129,2.15,32.465,1130,13391,12336,280.0
130,2.166667,32.465,1097,13395,12331,280.0
131,2.183333,32.467,1116,13497,12435,280.0
132,2.2,33.764,1130,11657,10799,280.0
133,2.216667,35.444,1118,9469,8893,280.0
134,2.233333,35.899,1074,9034,8890,280.0
135,2.25,35.984,997,7943,7829,280.0
136,2.266667,35.601,956,7160,7045,280.0
137,2.283333,34.417,854,6912,6800,280.0
138,2.3,33.672,781,6243,6133,280.0
139,2.316667,33.388,731,4485,4382,280.0
140,2.333333,33.282,605,2919,2795,280.0
141,2.35,34.146,544,1391,1389,280.0
142,2.366667,34.102,441,1268,1268,280.0
143,2.383333,35.196,251,756,756,280.0
144,2.4,36.89,255,112,112,398.0
145,2.416667,35.766,282,99,99,388.0
146,2.433333,33.143,282,76,76,365.0
147,2.45,29.373,275,76,76,305.0
148,2.466667,26.417,265,0,0,-1
149,2.483333,22.878,151,0,0,-1
150,2.5,21.539,18,0,0,-1
151,2.516667,16.938,0,0,0,-1
152,2.533333,15.231,0,0,0,-1
153,2.55,15.563,0,0,0,-1
154,2.566667,16.055,0,0,0,-1
155,2.583333,16.366,0,0,0,-1
156,2.6,16.37,0,0,0,-1
157,2.616667,16.371,0,0,0,-1
158,2.633333,16.381,0,0,0,-1
159,2.65,16.379,0,0,0,-1
160,2.666667,16.382,0,0,0,-1
161,2.683333,16.379,0,0,0,-1
162,2.7,16.376,0,0,0,-1
163,2.716667,16.365,0,0,0,-1
164,2.733333,16.361,0,0,0,-1
165,2.75,16.354,0,0,0,-1
166,2.766667,16.333,0,0,0,-1
167,2.783333,16.321,0,0,0,-1
168,2.8,16.323,0,0,0,-1
169,2.816667,16.319,0,0,0,-1
170,2.833333,16.319,0,0,0,-1
171,2.85,16.318,0,0,0,-1
172,2.866667,16.318,0,0,0,-1
173,2.883333,16.307,0,0,0,-1
174,2.9,16.307,0,0,0,-1
175,2.916667,16.309,0,0,0,-1
176,2.933333,16.313,0,0,0,-1
177,2.95,16.319,0,0,0,-1
178,2.966667,16.329,0,0,0,-1
179,2.983333,16.327,0,0,0,-1
180,3.0,16.354,0,0,0,-1
181,3.016667,16.336,0,0,0,-1
182,3.033333,16.335,0,0,0,-1
183,3.05,16.374,0,0,0,-1
184,3.066667,16.35,0,0,0,-1
185,3.083333,16.391,0,0,0,-1
186,3.1,16.436,0,0,0,-1
187,3.116667,16.445,0,0,0,-1
188,3.133333,16.449,0,0,0,-1
189,3.15,16.455,0,0,0,-1
190,3.166667,16.448,0,0,0,-1
191,3.183333,16.437,0,0,0,-1
192,3.2,16.446,0,0,0,-1
193,3.216667,16.448,0,0,0,-1
194,3.233333,16.422,0,0,0,-1
195,3.25,16.441,0,0,0,-1
196,3.266667,16.409,0,0,0,-1
197,3.283333,16.419,0,0,0,-1
198,3.3,16.397,0,0,0,-1
199,3.316667,16.395,0,0,0,-1
200,3.333333,16.388,0,0,0,-1
201,3.35,16.386,62,0,0,-1
202,3.366667,16.364,4,0,0,-1
203,3.383333,16.368,76,0,0,-1
204,3.4,16.369,69,0,0,-1
205,3.416667,16.366,57,0,0,-1
206,3.433333,16.366,146,0,0,-1
207,3.45,16.406,79,0,0,-1
208,3.466667,16.33,101,0,0,-1
209,3.483333,16.345,76,3,3,-1
210,3.5,16.342,94,0,0,-1
211,3.516667,16.4,142,0,0,-1
212,3.533333,16.39,134,0,0,-1
213,3.55,16.466,50,0,0,-1
214,3.566667,16.5,103,0,0,-1
215,3.583333,16.5,185,348,0,648.0
216,3.6,16.51,433,310,0,623.0
217,3.616667,16.519,432,643,0,590.0
218,3.633333,16.477,426,668,0,482.0
219,3.65,16.503,496,735,4,560.0
220,3.666667,16.477,553,814,0,544.0
221,3.683333,16.495,425,924,0,534.0
222,3.7,16.505,423,958,0,528.0
223,3.716667,16.481,394,940,0,522.0
224,3.733333,16.467,369,956,0,516.0
225,3.75,16.466,341,901,1,510.0
226,3.766667,16.483,262,903,0,506.0
227,3.783333,16.504,222,831,0,496.0
228,3.8,16.513,211,831,0,482.0
229,3.816667,16.439,214,787,0,470.0
230,3.833333,16.448,210,901,14,454.0
231,3.85,16.452,204,875,15,454.0
232,3.866667,16.419,188,975,116,388.0
233,3.883333,16.409,165,1030,175,368.0
234,3.9,16.398,178,964,165,370.0
235,3.916667,16.388,173,961,154,370.0
236,3.933333,16.384,145,954,172,372.0
237,3.95,16.392,159,910,160,374.0
238,3.966667,16.398,157,914,173,375.0
239,3.983333,16.392,146,893,172,374.0
240,4.0,16.426,182,933,179,376.0
241,4.016667,16.403,191,980,189,376.0
242,4.033333,16.414,233,828,151,376.0
243,4.05,16.383,192,921,157,377.0
244,4.066667,16.424,183,954,156,376.0
245,4.083333,16.401,193,907,136,374.0
246,4.1,16.434,190,973,179,374.0
247,4.116667,16.43,202,1015,172,372.0
248,4.133333,16.446,204,1032,136,370.0
249,4.15,16.442,364,1084,88,384.0
250,4.166667,16.441,957,908,154,366.0
251,4.183333,16.443,1371,984,133,365.0
252,4.2,16.456,1990,856,105,364.0
253,4.216667,16.45,2789,849,183,364.0
254,4.233333,16.462,3646,701,170,364.0
255,4.25,16.455,4267,548,157,362.0
256,4.266667,16.471,4882,432,154,360.0
257,4.283333,16.481,5134,455,148,360.0
258,4.3,16.475,5599,450,181,360.0
259,4.316667,16.482,5668,417,195,360.0
260,4.333333,16.49,5725,530,219,360.0
261,4.35,16.492,6016,462,189,360.0
262,4.366667,16.493,6191,345,139,360.0
263,4.383333,16.486,6461,446,213,360.0
264,4.4,16.456,6468,349,151,360.0
265,4.416667,16.454,6391,397,139,360.0
266,4.433333,16.442,6593,321,120,360.0
267,4.45,16.451,6629,338,168,360.0
268,4.466667,16.446,6914,368,151,364.0
269,4.483333,16.445,7054,220,23,358.0
270,4.5,16.467,6677,353,140,361.0
271,4.516667,16.469,6271,503,206,361.0
272,4.533333,16.435,6315,426,118,361.0
273,4.55,16.427,6068,506,125,361.0
274,4.566667,16.416,5217,403,48,430.0
275,4.583333,16.433,4918,542,200,360.0
276,4.6,16.424,5151,654,251,360.0
277,4.616667,16.417,5039,452,95,360.0
278,4.633333,16.425,4268,482,121,360.0
279,4.65,16.437,3797,518,217,360.0
280,4.666667,16.437,3763,371,102,360.0
281,4.683333,16.44,3486,384,71,360.0
282,4.7,16.458,3339,420,92,360.0
283,4.716667,16.441,3117,512,189,360.0
284,4.733333,16.472,3075,491,190,360.0
285,4.75,16.471,2676,301,30,360.0
286,4.766667,16.467,2536,444,70,360.0
287,4.783333,16.468,2436,545,137,360.0
288,4.8,16.473,2292,505,109,360.0
289,4.816667,16.475,2222,587,130,360.0
290,4.833333,16.477,2345,579,131,360.0
291,4.85,16.48,2196,694,192,360.0
292,4.866667,16.479,1907,761,230,360.0
293,4.883333,16.484,1801,539,147,360.0
294,4.9,16.483,1809,602,172,360.0
295,4.916667,16.481,1444,722,248,360.0
296,4.933333,16.469,1281,665,157,360.0
297,4.95,16.457,1278,739,153,360.0
298,4.966667,16.453,1195,826,171,360.0
299,4.983333,16.451,1191,858,209,360.0
300,5.0,16.459,851,973,224,360.0
301,5.016667,16.436,813,846,183,360.0
302,5.033333,16.424,736,1171,191,360.0
303,5.05,16.412,653,1009,204,360.0
304,5.066667,16.399,576,1082,238,360.0
305,5.083333,16.417,585,1056,106,360.0
306,5.1,16.401,605,1362,187,360.0
307,5.116667,16.413,493,1396,216,360.0
308,5.133333,16.415,380,1454,251,360.0
309,5.15,16.411,430,1377,215,360.0
310,5.166667,16.416,361,1695,224,360.0
311,5.183333,16.427,369,1624,156,362.0
312,5.2,16.435,284,1480,236,364.0
313,5.216667,16.455,361,882,144,370.0
314,5.233333,16.463,325,904,124,378.0
315,5.25,16.463,267,969,123,384.0
316,5.266667,16.472,220,1129,118,390.0
317,5.283333,16.475,237,1344,114,396.0
318,5.3,16.476,222,1120,139,402.0
319,5.316667,16.477,199,975,121,406.0
320,5.333333,16.483,196,807,116,416.0
321,5.35,16.475,175,603,71,421.0
322,5.366667,16.474,162,528,77,424.0
323,5.383333,16.486,181,571,102,427.0
324,5.4,16.491,185,525,59,431.0
325,5.416667,16.496,140,580,56,432.0
326,5.433333,16.508,158,522,50,434.0
327,5.45,16.502,167,498,43,438.0
328,5.466667,16.523,180,540,42,440.0
329,5.483333,16.531,188,507,43,442.0
330,5.5,16.535,150,521,45,444.0
331,5.516667,16.531,160,487,57,446.0
332,5.533333,16.54,211,337,41,448.0
333,5.55,16.549,185,362,29,448.0
334,5.566667,16.553,234,374,24,448.0
335,5.583333,16.537,219,388,23,449.0
336,5.6,16.538,235,334,20,450.0
337,5.616667,16.537,192,333,20,450.0
338,5.633333,16.527,225,357,20,450.0
339,5.65,16.538,191,411,20,450.0
340,5.666667,16.527,200,517,22,449.0
341,5.683333,16.529,201,517,22,449.0
342,5.7,16.546,237,657,50,444.0
343,5.716667,16.546,239,647,37,442.0
344,5.733333,16.552,239,464,44,438.0
345,5.75,16.552,234,491,56,434.0
346,5.766667,16.562,282,363,54,430.0
347,5.783333,16.572,294,451,77,424.0
348,5.8,16.584,262,482,75,416.0
349,5.816667,16.585,275,547,91,411.0
350,5.833333,16.596,241,663,134,408.0
351,5.85,16.593,285,504,74,402.0
352,5.866667,16.602,274,606,109,398.0
353,5.883333,16.598,281,631,113,392.0
354,5.9,16.594,307,687,115,390.0
355,5.916667,16.608,287,681,137,386.0
356,5.933333,16.605,302,738,118,384.0
357,5.95,16.606,291,770,134,380.0
358,5.966667,16.606,268,822,196,376.0
359,5.983333,16.61,325,865,137,372.0
360,6.0,16.614,259,858,116,368.0
361,6.016667,16.609,294,992,193,365.0
362,6.033333,16.593,292,947,147,362.0
363,6.05,16.574,329,1003,140,360.0
364,6.066667,16.571,325,1072,146,358.0
365,6.083333,16.563,326,1070,155,356.0
366,6.1,16.562,339,1062,151,356.0
367,6.116667,16.539,334,1108,153,355.0
368,6.133333,16.528,344,1043,138,355.0
369,6.15,16.512,345,1101,141,356.0
370,6.166667,16.509,333,1079,150,356.0
371,6.183333,16.512,322,1142,152,356.0
372,6.2,16.518,323,1094,157,356.0
373,6.216667,16.513,289,1114,167,358.0
374,6.233333,16.507,296,1081,162,360.0
375,6.25,16.514,294,1164,164,360.0
376,6.266667,16.518,284,1109,162,361.0
377,6.283333,16.522,297,1054,160,362.0
378,6.3,16.538,305,1039,160,362.0
379,6.316667,16.544,323,956,139,362.0
380,6.333333,16.545,348,915,159,364.0
381,6.35,16.559,343,924,184,364.0
382,6.366667,16.563,327,894,182,364.0
383,6.383333,16.57,308,902,153,364.0
384,6.4,16.573,276,911,155,364.0
385,6.416667,16.575,286,937,154,364.0
386,6.433333,16.583,280,947,153,364.0
387,6.45,16.58,318,874,152,364.0
388,6.466667,16.583,339,930,156,364.0
389,6.483333,16.596,346,929,174,364.0
390,6.5,16.585,305,956,178,364.0
391,6.516667,16.591,308,954,205,364.0
392,6.533333,16.589,320,953,160,363.0
393,6.55,16.585,365,901,150,362.0
394,6.566667,16.594,324,1021,205,362.0
395,6.583333,16.586,296,964,157,363.0
396,6.6,16.575,246,1052,204,366.0
397,6.616667,16.574,246,948,140,373.0
398,6.633333,16.568,242,854,141,378.0
399,6.65,16.556,287,812,132,384.0
400,6.666667,16.56,262,762,120,388.0
401,6.683333,16.551,277,682,119,394.0
402,6.7,16.539,273,600,117,402.0
403,6.716667,16.533,250,629,108,408.0
404,6.733333,16.533,240,660,128,416.0
405,6.75,16.524,245,542,67,423.0
406,6.766667,16.529,231,586,95,424.0
407,6.783333,16.534,208,543,93,430.0
408,6.8,16.535,223,506,58,432.0
409,6.816667,16.538,237,535,54,434.0
410,6.833333,16.548,235,536,50,436.0
411,6.85,16.556,228,532,44,440.0
412,6.866667,16.563,243,523,41,442.0
413,6.883333,16.571,236,505,42,444.0
414,6.9,16.569,219,505,42,446.0
415,6.916667,16.572,221,529,52,446.0
416,6.933333,16.582,192,511,44,448.0
417,6.95,16.583,221,456,41,448.0
418,6.966667,16.577,193,464,35,450.0
419,6.983333,16.58,193,456,35,450.0
420,7.0,16.611,215,461,34,450.0
421,7.016667,16.594,232,474,28,450.0
422,7.033333,16.599,234,461,28,450.0
423,7.05,16.6,204,437,20,450.0
424,7.066667,16.61,199,475,22,449.0
425,7.083333,16.614,196,469,38,448.0
426,7.1,16.617,210,421,46,444.0
427,7.116667,16.607,190,407,40,440.0
428,7.133333,16.6,233,388,48,436.0
429,7.15,16.596,237,445,54,432.0
430,7.166667,16.579,223,489,72,427.0
431,7.183333,16.572,243,503,72,422.0
432,7.2,16.556,230,595,74,416.0
433,7.216667,16.549,246,649,126,412.0
434,7.233333,16.544,263,651,97,408.0
435,7.25,16.535,244,663,105,402.0
436,7.266667,16.53,260,698,113,398.0
437,7.283333,16.521,251,726,110,392.0
438,7.3,16.523,261,752,118,388.0
439,7.316667,16.524,239,817,121,385.0
440,7.333333,16.529,239,864,133,381.0
441,7.35,16.53,258,856,127,378.0
442,7.366667,16.53,267,917,99,374.0
443,7.383333,16.538,249,1048,175,370.0
444,7.4,16.549,278,1066,151,368.0
445,7.416667,16.554,261,1023,160,366.0
446,7.433333,16.549,241,996,113,362.0
447,7.45,16.566,296,1008,127,360.0
448,7.466667,16.578,312,1008,124,358.0
449,7.483333,16.583,333,1016,136,356.0
450,7.5,16.578,316,994,145,356.0
451,7.516667,16.588,365,1038,147,355.0
452,7.533333,16.594,385,1018,150,356.0
453,7.55,16.595,421,942,142,356.0
454,7.566667,16.594,401,951,142,356.0
455,7.583333,16.596,390,979,132,358.0
456,7.6,16.601,358,1034,220,358.0
457,7.616667,16.593,345,1040,201,358.0
458,7.633333,16.601,303,963,179,360.0
459,7.65,16.599,324,918,165,360.0
460,7.666667,16.602,343,912,170,361.0
461,7.683333,16.593,290,955,159,362.0
462,7.7,16.586,335,940,162,362.0
463,7.716667,16.579,331,921,155,362.0
464,7.733333,16.566,329,931,163,364.0
465,7.75,16.563,337,1028,227,364.0
466,7.766667,16.553,291,974,159,364.0
467,7.783333,16.557,306,1003,155,364.0
468,7.8,16.543,304,1095,155,364.0
469,7.816667,16.54,292,1106,154,364.0
470,7.833333,16.54,273,1075,156,364.0
471,7.85,16.533,307,1056,157,364.0
472,7.866667,16.528,279,1104,157,364.0
473,7.883333,16.526,326,1109,178,364.0
474,7.9,16.536,332,1119,201,364.0
475,7.916667,16.537,343,1141,193,364.0
476,7.933333,16.541,338,1017,146,363.0
477,7.95,16.551,337,1062,171,362.0
478,7.966667,16.555,340,1034,164,362.0
479,7.983333,16.558,322,1041,155,362.0
480,8.0,16.587,333,961,150,362.0
481,8.016667,16.585,346,958,165,362.0
482,8.033333,16.571,348,901,151,362.0
483,8.05,16.574,338,1018,199,362.0
484,8.066667,16.57,321,980,190,362.0
485,8.083333,16.577,343,996,188,362.0
486,8.1,16.575,350,901,180,362.0
487,8.116667,16.576,309,787,106,362.0
488,8.133333,16.581,285,745,114,396.0
489,8.15,16.589,261,563,81,404.0
490,8.166667,16.588,244,446,74,436.0
491,8.183333,16.593,5762,215,0,468.0
492,8.2,16.601,5714,88,0,492.0
493,8.216667,16.603,5687,261,0,522.0
494,8.233333,16.593,5909,139,0,539.0
495,8.25,16.588,5604,399,0,526.0
496,8.266667,16.572,5845,551,0,527.0
497,8.283333,16.568,6376,560,0,540.0
498,8.3,16.56,6075,529,0,544.0
499,8.316667,16.54,6417,437,0,542.0
500,8.333333,16.536,6469,320,0,542.0
501,8.35,16.54,5775,191,0,552.0
502,8.366667,16.53,5515,193,0,540.0
503,8.383333,16.52,4810,107,0,542.0
504,8.4,16.525,4671,161,0,542.0
505,8.416667,16.517,4310,127,0,541.0
506,8.433333,16.517,3869,176,0,538.0
507,8.45,16.533,3294,109,0,527.0
508,8.466667,16.524,3107,145,0,522.0
509,8.483333,16.53,2567,290,0,528.0
510,8.5,16.539,2549,288,0,526.0
511,8.516667,16.548,2307,324,0,513.0
512,8.533333,16.549,1983,310,0,510.0
513,8.55,16.565,2004,536,0,508.0
514,8.566667,16.565,1676,656,0,506.0
515,8.583333,16.571,1362,488,0,514.0
516,8.6,16.575,1180,458,0,511.0
517,8.616667,16.087,553,425,0,504.0
518,8.633333,15.222,293,297,0,540.0
519,8.65,17.654,173,238,0,584.0
520,8.666667,21.813,91,133,0,588.0
521,8.683333,26.958,45,256,0,616.0
522,8.7,28.532,50,419,120,280.0
523,8.716667,34.156,265,90,0,634.0
524,8.733333,36.99,523,27,1,651.0
525,8.75,35.124,990,825,821,280.0
526,8.766667,33.85,1340,1677,1671,280.0
527,8.783333,33.874,1537,1815,1815,280.0
528,8.8,33.312,1668,2287,2287,280.0
529,8.816667,33.613,1852,6240,6240,280.0
530,8.833333,35.22,1980,6881,6881,280.0
531,8.85,35.889,2056,7579,7504,280.0
532,8.866667,35.863,2034,8313,8217,280.0
533,8.883333,34.166,1926,10261,9874,280.0
534,8.9,32.661,1878,12977,12191,280.0
535,8.916667,32.682,1779,12952,12194,280.0
536,8.933333,32.663,1620,12999,12204,280.0
537,8.95,32.645,1628,12991,12158,280.0
538,8.966667,32.619,1620,13009,12191,280.0
539,8.983333,32.61,1621,13050,12203,280.0
540,9.0,32.482,1622,13240,12521,280.0
541,9.016667,32.489,1643,13227,12505,280.0
542,9.033333,32.505,1644,13200,12498,280.0
543,9.05,32.499,1666,13236,12505,280.0
544,9.066667,32.49,1627,13206,12490,280.0
545,9.083333,32.504,1619,13146,12466,280.0
546,9.1,32.51,1591,13239,12512,280.0
547,9.116667,32.515,1560,13220,12502,280.0
548,9.133333,32.519,1577,13175,12433,280.0
549,9.15,32.524,1601,13164,12459,280.0
550,9.166667,32.65,1643,13415,12690,280.0
551,9.183333,32.587,1583,13166,12440,280.0
552,9.2,32.571,1680,13150,12382,280.0
553,9.216667,32.5,1554,13126,12357,280.0
554,9.233333,32.497,1474,13094,12319,280.0
555,9.25,32.488,1467,13132,12336,280.0
556,9.266667,32.466,1452,13185,12345,280.0
557,9.283333,32.442,1465,13124,12308,280.0
558,9.3,32.421,1458,13132,12332,280.0
559,9.316667,32.38,1473,13172,12359,280.0
560,9.333333,32.348,1494,13160,12351,280.0
561,9.35,32.322,1393,13147,12341,280.0
562,9.366667,32.292,1405,13107,12288,280.0
563,9.383333,32.256,1384,13094,12286,280.0
564,9.4,32.215,1430,13043,12214,280.0
565,9.416667,32.187,1510,13171,12283,280.0
566,9.433333,32.175,1406,13173,12272,280.0
567,9.45,32.164,1434,13069,12190,280.0
568,9.466667,32.16,1429,13044,12170,280.0
569,9.483333,32.156,1456,13095,12199,280.0
570,9.5,32.166,1440,13103,12182,280.0
571,9.516667,32.159,1439,13124,12229,280.0
572,9.533333,32.155,1421,13111,12209,280.0
573,9.55,32.163,1468,13189,12245,280.0
574,9.566667,32.153,1340,13132,12152,280.0
575,9.583333,32.157,1376,13092,12173,280.0
576,9.6,32.147,1401,13131,12231,280.0
577,9.616667,32.165,1410,13128,12222,280.0
578,9.633333,32.153,1403,13160,12251,280.0
579,9.65,32.141,1410,13185,12275,280.0
580,9.666667,32.124,1357,13101,12224,280.0
581,9.683333,32.086,1386,13184,12302,280.0
582,9.7,32.129,1355,13133,12259,280.0
583,9.716667,32.182,1392,13179,12293,280.0
584,9.733333,32.195,1335,13307,12334,280.0
585,9.75,32.181,1380,13185,12252,280.0
586,9.766667,32.209,1361,13199,12254,280.0
587,9.783333,32.34,1384,13176,12196,280.0
588,9.8,32.439,1386,13250,12267,280.0
589,9.816667,32.551,1392,13237,12239,280.0
590,9.833333,32.478,1353,13344,12334,280.0
591,9.85,32.431,1354,13360,12342,280.0
592,9.866667,32.436,1403,13364,12354,280.0
593,9.883333,32.437,1399,13346,12354,280.0
594,9.9,32.43,1431,13393,12404,280.0
595,9.916667,32.434,1454,13373,12377,280.0
596,9.933333,32.426,1381,13384,12352,280.0
597,9.95,32.421,1383,13353,12351,280.0
598,9.966667,32.424,1429,13419,12415,280.0
599,9.983333,32.427,1392,13403,12382,280.0
600,10.0,32.39,1252,13429,12390,280.0
601,10.016667,32.388,1251,13381,12340,280.0
602,10.033333,32.395,1256,13429,12393,280.0
603,10.05,32.404,1306,13338,12304,280.0
604,10.066667,32.396,1306,13303,12227,280.0
605,10.083333,32.403,1246,13350,12290,280.0
606,10.1,32.404,1224,13461,12374,280.0
607,10.116667,32.394,1211,13476,12396,280.0
608,10.133333,32.403,1190,13447,12370,280.0
609,10.15,32.375,1197,13475,12393,280.0
610,10.166667,32.375,1208,13459,12387,280.0
611,10.183333,32.374,1192,13480,12396,280.0
612,10.2,32.374,1189,13453,12375,280.0
613,10.216667,32.374,1192,13517,12384,280.0
614,10.233333,32.374,1196,13518,12387,280.0
615,10.25,32.373,1193,13507,12370,280.0
616,10.266667,32.377,1203,13541,12405,280.0
617,10.283333,32.376,1188,13522,12383,280.0
618,10.3,32.377,1181,13545,12399,280.0
619,10.316667,32.378,1196,13557,12406,280.0
620,10.333333,32.378,1199,13506,12381,280.0
621,10.35,32.55,1182,13631,12502,280.0
622,10.366667,32.497,1179,13626,12499,280.0
623,10.383333,32.454,1185,13602,12461,280.0
624,10.4,32.437,1173,13571,12444,280.0
625,10.416667,32.652,1274,13755,12655,280.0
626,10.433333,32.695,1205,13392,12334,280.0
627,10.45,32.761,1225,13000,11957,280.0
628,10.466667,32.973,1257,12525,11610,280.0
629,10.483333,33.167,1217,12072,11267,280.0
630,10.5,33.344,1311,11628,10946,280.0
631,10.516667,33.536,1338,11424,10825,280.0
632,10.533333,33.572,1376,10921,10390,280.0
633,10.55,33.7,1327,10605,10165,280.0
634,10.566667,33.799,1348,10331,9941,280.0
635,10.583333,33.928,1582,9974,9678,280.0
636,10.6,34.175,598,9685,9483,280.0
637,10.616667,34.316,612,9160,9031,280.0
638,10.633333,34.288,497,8775,8677,280.0
639,10.65,31.926,548,8548,8466,280.0
640,10.666667,28.961,1037,8526,8437,280.0
641,10.683333,26.671,1484,8523,8448,280.0
642,10.7,25.549,1434,9093,9016,280.0
643,10.716667,25.49,1537,9547,9453,280.0
644,10.733333,26.433,1342,9821,9674,280.0
645,10.75,28.439,1455,10379,10105,280.0
646,10.766667,30.496,1458,10976,10560,280.0
647,10.783333,31.558,1480,11436,10928,280.0
648,10.8,32.302,1508,12247,11569,280.0
649,10.816667,32.86,1543,12844,12086,280.0
650,10.833333,32.858,1453,13361,12451,280.0
651,10.85,32.704,1441,14053,13035,280.0
652,10.866667,32.611,1520,14545,13483,280.0
653,10.883333,32.467,1515,15009,13901,280.0
654,10.9,32.338,1501,15162,14023,280.0
655,10.916667,32.244,1588,15299,14147,280.0
656,10.933333,32.289,1521,15496,14323,280.0
657,10.95,32.707,1705,13279,12285,280.0
658,10.966667,32.628,1647,13258,12321,280.0
659,10.983333,32.598,1541,13215,12277,280.0
660,11.0,32.387,1580,13263,12334,280.0
661,11.016667,32.392,1512,13280,12363,280.0
662,11.033333,32.403,1538,13215,12312,280.0
663,11.05,32.415,1548,13264,12356,280.0
664,11.066667,32.417,1566,13277,12363,280.0
665,11.083333,32.411,1589,13274,12358,280.0
666,11.1,32.405,1603,13272,12354,280.0
667,11.116667,32.399,1577,13221,12277,280.0
668,11.133333,32.397,1555,13314,12339,280.0
669,11.15,32.397,1553,13318,12353,280.0
670,11.166667,32.261,1638,14414,13340,280.0
671,11.183333,31.94,1612,14997,13883,280.0
672,11.2,31.284,1659,15838,14289,280.0
673,11.216667,30.898,1656,16438,14410,280.0
674,11.233333,30.481,1679,17286,14815,280.0
675,11.25,30.328,1287,17272,14774,280.0
676,11.266667,30.447,2275,16784,14484,280.0
677,11.283333,31.053,2076,15796,12710,280.0
678,11.3,30.877,2379,15836,13251,280.0
679,11.316667,30.521,3231,16351,13860,280.0
680,11.333333,30.435,2703,17042,14531,280.0
681,11.35,30.431,2232,17307,14809,280.0
682,11.366667,30.416,2156,17346,14833,280.0
683,11.383333,30.385,1965,17480,14963,280.0
684,11.4,30.386,1956,17414,14939,280.0
685,11.416667,30.385,1943,17407,14911,280.0
686,11.433333,30.381,1928,17249,14732,280.0
687,11.45,30.38,1936,17371,14739,280.0
688,11.466667,30.376,1907,17402,14746,280.0
689,11.483333,30.37,1820,17437,14734,280.0
690,11.5,30.364,1848,17399,14750,280.0
691,11.516667,30.349,1793,17356,14728,280.0
692,11.533333,30.337,1735,17350,14680,280.0
693,11.55,30.333,1772,17408,14717,280.0
694,11.566667,30.332,1742,17329,14666,280.0
695,11.583333,30.327,1718,17424,14734,280.0
696,11.6,30.31,1708,17335,14718,280.0
697,11.616667,30.281,1666,17314,14650,280.0
698,11.633333,30.275,1708,17311,14699,280.0
699,11.65,30.272,1692,17346,14733,280.0
700,11.666667,30.273,1679,17409,14772,280.0
701,11.683333,30.267,1714,17353,14724,280.0
702,11.7,30.265,1760,17323,14729,280.0
703,11.716667,30.264,1748,17310,14689,280.0
704,11.733333,30.247,1767,17273,14661,280.0
705,11.75,31.389,1790,16657,14529,280.0
706,11.766667,32.951,1767,14608,13177,280.0
707,11.783333,34.376,1706,12332,11022,280.0
708,11.8,35.915,1647,9928,8799,280.0
709,11.816667,36.172,1519,9347,8679,280.0
710,11.833333,36.041,1492,8305,8028,280.0
711,11.85,35.403,1326,7580,7537,280.0
712,11.866667,34.352,1336,7250,7243,280.0
713,11.883333,33.39,1252,5711,5704,280.0
714,11.9,33.494,1139,3560,3560,280.0
715,11.916667,33.965,925,1569,1569,280.0
716,11.933333,34.515,681,680,680,283.0
717,11.95,34.616,626,433,433,280.0
718,11.966667,36.149,307,131,131,280.0
719,11.983333,36.126,231,0,0,-1
720,12.0,32.681,228,0,0,-1
721,12.016667,29.056,228,0,0,-1
722,12.033333,25.028,228,0,0,-1
723,12.05,21.099,228,0,0,-1
724,12.066667,18.747,228,0,0,-1
725,12.083333,15.581,228,0,0,-1
726,12.1,15.205,228,0,0,-1
727,12.116667,15.901,228,0,0,-1
728,12.133333,16.318,227,0,0,-1
729,12.15,16.379,228,0,0,-1
730,12.166667,16.377,227,0,0,-1
731,12.183333,16.367,228,0,0,-1
732,12.2,16.375,227,0,0,-1
733,12.216667,16.382,225,0,0,-1
734,12.233333,16.38,225,0,0,-1
735,12.25,16.374,224,0,0,-1
736,12.266667,16.368,224,0,0,-1
737,12.283333,16.369,224,0,0,-1
738,12.3,16.364,224,0,0,-1
739,12.316667,16.364,224,0,0,-1
740,12.333333,16.355,224,0,0,-1
741,12.35,16.352,225,0,0,-1
742,12.366667,16.351,225,0,0,-1
743,12.383333,16.351,225,0,0,-1
744,12.4,16.349,225,0,0,-1
745,12.416667,16.35,225,0,0,-1
746,12.433333,16.359,225,0,0,-1
747,12.45,16.366,225,0,0,-1
748,12.466667,16.396,225,0,0,-1
749,12.483333,16.468,226,0,0,-1
750,12.5,16.463,226,0,0,-1
751,12.516667,16.481,226,0,0,-1
752,12.533333,16.45,226,0,0,-1
753,12.55,16.479,226,0,0,-1
754,12.566667,16.476,226,0,0,-1
755,12.583333,16.471,226,0,0,-1
756,12.6,16.478,226,0,0,-1
757,12.616667,16.473,226,0,0,-1
758,12.633333,16.475,226,0,0,-1
759,12.65,16.461,226,0,0,-1
760,12.666667,16.449,226,0,0,-1
761,12.683333,16.449,226,0,0,-1
762,12.7,16.434,226,0,0,-1
763,12.716667,16.435,368,0,0,-1
764,12.733333,16.415,302,0,0,-1
765,12.75,16.4,240,0,0,-1
766,12.766667,16.404,237,0,0,-1
767,12.783333,16.382,262,0,0,-1
768,12.8,16.459,285,0,0,-1
769,12.816667,16.399,296,0,0,-1
770,12.833333,16.401,282,0,0,-1
771,12.85,16.382,270,0,0,-1
772,12.866667,16.404,305,0,0,-1
773,12.883333,16.411,346,0,0,-1
774,12.9,16.37,376,0,0,-1
775,12.916667,16.401,254,0,0,-1
776,12.933333,16.465,279,1,0,-1
777,12.95,16.488,528,103,0,638.0
778,12.966667,16.468,499,415,0,618.0
779,12.983333,16.503,555,521,0,594.0
780,13.0,16.506,474,527,0,492.0
781,13.016667,16.49,477,629,0,564.0
782,13.033333,16.487,310,705,1,558.0
783,13.05,16.463,278,719,3,550.0
784,13.066667,16.509,244,711,3,450.0
785,13.083333,16.439,198,784,0,543.0
786,13.1,16.5,186,740,0,541.0
787,13.116667,16.478,171,790,0,538.0
788,13.133333,16.502,169,799,0,530.0
789,13.15,16.485,148,776,0,527.0
790,13.166667,16.514,171,754,0,508.0
791,13.183333,16.496,151,708,0,496.0
792,13.2,16.494,166,738,0,472.0
793,13.216667,16.49,146,792,17,448.0
794,13.233333,16.482,142,793,67,418.0
795,13.25,16.483,129,889,173,372.0
796,13.266667,16.464,157,828,162,372.0
797,13.283333,16.459,147,802,165,370.0
798,13.3,16.427,112,759,152,370.0
799,13.316667,16.415,124,906,181,370.0
800,13.333333,16.409,153,850,181,370.0
801,13.35,16.416,163,866,164,371.0
802,13.366667,16.414,145,893,153,372.0
803,13.383333,16.421,164,807,152,372.0
804,13.4,16.393,198,838,155,372.0
805,13.416667,16.397,197,875,171,372.0
806,13.433333,16.393,186,824,168,372.0
807,13.45,16.399,238,834,156,372.0
808,13.466667,16.427,228,894,141,376.0
809,13.483333,16.412,245,961,116,368.0
810,13.5,16.425,512,1027,150,368.0
811,13.516667,16.426,802,987,149,366.0
812,13.533333,16.442,1471,822,167,364.0
813,13.55,16.463,2029,698,142,364.0
814,13.566667,16.45,2660,686,144,362.0
815,13.583333,16.476,3820,474,150,362.0
816,13.6,16.474,4489,542,159,362.0
817,13.616667,16.483,4826,461,154,360.0
818,13.633333,16.48,5117,529,162,360.0
819,13.65,16.493,5287,470,159,360.0
820,13.666667,16.484,5431,428,180,360.0
821,13.683333,16.49,5593,359,164,360.0
822,13.7,16.5,5865,382,167,360.0
823,13.716667,16.507,5960,520,260,360.0
824,13.733333,16.513,6167,389,167,360.0
825,13.75,16.511,6434,345,99,360.0
826,13.766667,16.549,6177,492,249,360.0
827,13.783333,16.542,6164,414,170,360.0
828,13.8,16.514,5964,254,48,405.0
829,13.816667,16.487,5862,201,0,528.0
830,13.833333,16.464,5860,374,92,381.0
831,13.85,16.456,5762,376,153,362.0
832,13.866667,16.444,5652,395,159,360.0
833,13.883333,16.438,5265,381,128,360.0
834,13.9,16.426,4865,526,229,360.0
835,13.916667,16.431,4222,450,170,360.0
836,13.933333,16.411,3870,387,128,360.0
837,13.95,16.418,3638,509,233,360.0
838,13.966667,16.419,3524,489,183,360.0
839,13.983333,16.425,3466,423,162,360.0
840,14.0,16.438,3277,457,185,360.0
841,14.016667,16.416,3067,472,169,360.0
842,14.033333,16.452,3076,444,182,360.0
843,14.05,16.435,2980,546,196,360.0
844,14.066667,16.465,2956,548,182,360.0
845,14.083333,16.438,2848,699,235,360.0
846,14.1,16.475,2482,677,197,360.0
847,14.116667,16.457,2118,712,256,360.0
848,14.133333,16.489,2042,667,207,360.0
849,14.15,16.464,1932,683,233,360.0
850,14.166667,16.468,1755,641,249,360.0
851,14.183333,16.478,1682,523,151,360.0
852,14.2,16.482,1646,623,176,360.0
853,14.216667,16.475,1466,645,225,360.0
854,14.233333,16.482,1349,527,119,360.0
855,14.25,16.478,1231,556,127,360.0
856,14.266667,16.478,1187,695,186,360.0
857,14.283333,16.48,1083,694,163,360.0
858,14.3,16.481,1028,716,178,360.0
859,14.316667,16.484,1006,857,228,360.0
860,14.333333,16.482,907,750,140,360.0
861,14.35,16.475,854,951,190,360.0
862,14.366667,16.48,873,1150,105,360.0
863,14.383333,16.464,763,1276,137,360.0
864,14.4,16.454,690,1357,222,360.0
865,14.416667,16.447,597,1378,130,360.0
866,14.433333,16.445,530,2061,155,360.0
867,14.45,16.438,465,1996,134,360.0
868,14.466667,16.432,454,2124,144,360.0
869,14.483333,16.429,469,1904,183,360.0
870,14.5,16.424,395,1443,151,360.0
871,14.516667,16.428,346,1192,158,360.0
872,14.533333,16.43,308,1218,196,360.0
873,14.55,16.429,278,1220,163,360.0
874,14.566667,16.429,324,1290,148,360.0
875,14.583333,16.437,277,1409,214,360.0
876,14.6,16.445,269,1421,169,360.0
877,14.616667,16.441,286,1489,168,360.0
878,14.633333,16.459,285,1799,167,360.0
879,14.65,16.464,310,1804,142,360.0
880,14.666667,16.475,328,1565,195,360.0
881,14.683333,16.47,335,1771,174,360.0
882,14.7,16.47,377,1703,128,360.0
883,14.716667,16.476,337,1779,192,360.0
884,14.733333,16.483,360,1594,131,360.0
885,14.75,16.48,384,1350,145,360.0
886,14.766667,16.493,399,1251,220,360.0
887,14.783333,16.499,353,1017,171,360.0
888,14.8,16.504,399,1022,164,360.0
889,14.816667,16.5,364,909,171,360.0
890,14.833333,16.499,418,869,149,360.0
891,14.85,16.508,463,895,187,360.0
892,14.866667,16.509,376,776,162,360.0
893,14.883333,16.516,352,915,157,360.0
894,14.9,16.513,336,849,226,360.0
895,14.916667,16.5,384,814,198,360.0
896,14.933333,16.486,324,769,175,360.0
897,14.95,16.483,354,833,226,360.0
898,14.966667,16.47,365,801,189,360.0
899,14.983333,16.454,341,755,173,360.0
900,15.0,16.469,296,856,198,360.0
901,15.016667,16.459,285,862,182,360.0
902,15.033333,16.469,299,875,183,360.0
903,15.05,16.454,300,937,197,360.0
904,15.066667,16.427,333,889,193,360.0
905,15.083333,16.424,320,935,226,360.0
906,15.1,16.433,317,891,200,360.0
907,15.116667,16.416,330,847,175,360.0
908,15.133333,16.423,350,955,225,360.0
909,15.15,16.43,381,879,169,360.0
910,15.166667,16.439,388,849,155,360.0
911,15.183333,16.44,359,909,185,360.0
912,15.2,16.455,364,876,180,360.0
913,15.216667,16.462,359,939,204,360.0
914,15.233333,16.479,370,917,185,360.0
915,15.25,16.486,330,851,185,360.0
916,15.266667,16.487,335,913,227,360.0
917,15.283333,16.494,333,826,169,360.0
918,15.3,16.496,326,860,170,360.0
919,15.316667,16.488,371,843,236,360.0
920,15.333333,16.492,378,830,174,360.0
921,15.35,16.497,371,831,161,360.0
922,15.366667,16.499,387,876,207,360.0
923,15.383333,16.51,343,834,189,360.0
924,15.4,16.507,343,905,243,360.0
925,15.416667,16.513,367,863,222,360.0
926,15.433333,16.512,354,861,216,360.0
927,15.45,16.508,330,891,243,360.0
928,15.466667,16.506,354,831,190,360.0
929,15.483333,16.485,315,850,179,360.0
930,15.5,16.487,328,872,230,360.0
931,15.516667,16.473,351,801,191,360.0
932,15.533333,16.461,332,822,163,360.0
933,15.55,16.459,336,898,199,360.0
934,15.566667,16.445,317,944,178,360.0
935,15.583333,16.438,325,975,228,360.0
936,15.6,16.435,353,966,197,360.0
937,15.616667,16.431,313,976,190,360.0
938,15.633333,16.434,323,1024,238,360.0
939,15.65,16.433,322,996,223,360.0
940,15.666667,16.434,350,984,176,360.0
941,15.683333,16.436,331,1053,232,360.0
942,15.7,16.439,379,997,189,360.0
943,15.716667,16.445,366,967,177,360.0
944,15.733333,16.444,355,1007,202,360.0
945,15.75,16.459,365,945,173,360.0
946,15.766667,16.458,331,1000,228,360.0
947,15.783333,16.474,334,905,209,360.0
948,15.8,16.607,287,954,210,364.0
949,15.816667,16.564,256,901,143,370.0
950,15.833333,16.558,244,880,148,374.0
951,15.85,16.537,246,728,142,378.0
952,15.866667,16.529,233,753,117,386.0
953,15.883333,16.518,204,661,115,394.0
954,15.9,16.521,213,598,135,400.0
955,15.916667,16.503,213,521,111,408.0
956,15.933333,16.508,217,597,134,414.0
957,15.95,16.512,227,539,80,420.0
958,15.966667,16.51,220,538,70,424.0
959,15.983333,16.512,216,556,100,428.0
960,16.0,16.532,194,504,71,431.0
961,16.016667,16.528,222,476,53,434.0
962,16.033333,16.521,196,485,48,436.0
963,16.05,16.511,199,506,51,437.0
964,16.066667,16.504,211,497,46,438.0
965,16.083333,16.493,216,487,41,440.0
966,16.1,16.458,195,484,38,442.0
967,16.116667,16.474,194,466,50,444.0
968,16.133333,16.45,190,453,44,446.0
969,16.15,16.438,192,434,41,448.0
970,16.166667,16.441,202,461,37,448.0
971,16.183333,16.435,214,501,36,450.0
972,16.2,16.438,201,497,35,450.0
973,16.216667,16.433,213,505,38,450.0
974,16.233333,16.431,220,480,37,450.0
975,16.25,16.436,208,456,35,450.0
976,16.266667,16.442,210,509,32,450.0
977,16.283333,16.449,210,495,28,448.0
978,16.3,16.454,171,517,42,446.0
979,16.316667,16.463,195,522,37,442.0
980,16.333333,16.466,216,525,44,438.0
981,16.35,16.481,215,540,71,433.0
982,16.366667,16.482,217,609,86,430.0
983,16.383333,16.49,211,555,72,424.0
984,16.4,16.495,201,535,73,418.0
985,16.416667,16.494,262,579,84,414.0
986,16.433333,16.501,250,603,107,408.0
987,16.45,16.501,225,612,102,402.0
988,16.466667,16.508,243,575,109,398.0
989,16.483333,16.504,205,622,104,396.0
990,16.5,16.508,260,630,116,390.0
991,16.516667,16.515,258,666,126,386.0
992,16.533333,16.513,263,753,129,384.0
993,16.55,16.506,278,791,140,378.0
994,16.566667,16.504,253,879,184,376.0
995,16.583333,16.502,249,904,211,372.0
996,16.6,16.493,258,939,170,368.0
997,16.616667,16.484,245,1031,201,366.0
998,16.633333,16.467,252,1039,198,364.0
999,16.65,16.464,294,1005,145,360.0
1000,16.666667,16.454,304,1001,150,358.0
1001,16.683333,16.442,304,1057,152,356.0
1002,16.7,16.445,323,1088,151,356.0
1003,16.716667,16.44,329,1134,155,354.0
1004,16.733333,16.428,366,1087,153,354.0
1005,16.75,16.426,347,1085,155,354.0
1006,16.766667,16.429,367,1022,154,356.0
1007,16.783333,16.428,379,1074,151,356.0
1008,16.8,16.439,357,1093,170,356.0
1009,16.816667,16.444,351,1154,229,358.0
1010,16.833333,16.439,334,1097,202,358.0
1011,16.85,16.454,329,1034,188,360.0
1012,16.866667,16.46,358,1050,165,360.0
1013,16.883333,16.465,296,987,164,360.0
1014,16.9,16.484,310,1002,160,362.0
1015,16.916667,16.483,346,983,154,362.0
1016,16.933333,16.48,310,925,167,362.0
1017,16.95,16.492,338,910,179,364.0
1018,16.966667,16.491,318,815,138,364.0
1019,16.983333,16.497,322,857,152,364.0
1020,17.0,16.523,315,868,152,363.0
1021,17.016667,16.495,296,939,151,363.0
1022,17.033333,16.493,329,900,150,363.0
1023,17.05,16.503,324,922,165,364.0
1024,17.066667,16.505,321,913,168,364.0
1025,17.083333,16.509,306,956,180,364.0
1026,17.1,16.508,313,1001,189,362.0
1027,17.116667,16.508,306,959,189,363.0
1028,17.133333,16.504,341,903,164,362.0
1029,17.15,16.499,322,877,140,362.0
1030,17.166667,16.487,318,922,173,362.0
1031,17.183333,16.483,333,948,156,362.0
1032,17.2,16.465,290,961,159,362.0
1033,17.216667,16.451,327,941,161,362.0
1034,17.233333,16.451,295,963,155,362.0
1035,17.25,16.44,328,1064,182,361.0
1036,17.266667,16.435,338,1080,209,361.0
1037,17.283333,16.44,308,1073,191,361.0
1038,17.3,16.429,304,1098,184,362.0
1039,17.316667,16.437,305,956,143,368.0
1040,17.333333,16.438,253,906,153,370.0
1041,17.35,16.442,244,866,142,374.0
1042,17.366667,16.445,244,761,121,386.0
1043,17.383333,16.441,233,643,112,394.0
1044,17.4,16.453,248,587,111,400.0
1045,17.416667,16.46,264,603,97,408.0
1046,17.433333,16.474,242,622,103,414.0
1047,17.45,16.48,242,578,64,418.0
1048,17.466667,16.484,219,586,87,426.0
1049,17.483333,16.492,216,608,105,428.0
1050,17.5,16.49,225,514,58,430.0
1051,17.516667,16.5,213,547,54,434.0
1052,17.533333,16.497,228,517,52,434.0
1053,17.55,16.502,165,468,48,436.0
1054,17.566667,16.504,187,470,46,438.0
1055,17.583333,16.51,220,425,41,440.0
1056,17.6,16.515,183,470,44,442.0
1057,17.616667,16.516,178,470,38,444.0
1058,17.633333,16.523,190,437,40,446.0
1059,17.65,16.513,205,448,42,448.0
1060,17.666667,16.509,193,476,41,448.0
1061,17.683333,16.51,194,468,36,450.0
1062,17.7,16.507,202,479,37,450.0
1063,17.716667,16.501,191,476,39,450.0
1064,17.733333,16.485,191,453,38,450.0
1065,17.75,16.481,223,474,38,450.0
1066,17.766667,16.474,215,459,29,450.0
1067,17.783333,16.469,198,479,33,448.0
1068,17.8,16.463,191,485,36,446.0
1069,17.816667,16.445,187,502,34,444.0
1070,17.833333,16.449,204,547,48,438.0
1071,17.85,16.453,227,627,50,434.0
1072,17.866667,16.448,208,704,85,429.0
1073,17.883333,16.45,217,680,72,424.0
1074,17.9,16.446,237,634,76,418.0
1075,17.916667,16.447,254,612,81,412.0
1076,17.933333,16.449,276,692,113,408.0
1077,17.95,16.455,248,613,105,402.0
1078,17.966667,16.46,249,691,112,398.0
1079,17.983333,16.461,261,689,113,394.0
1080,18.0,16.493,245,677,115,390.0
1081,18.016667,16.479,255,718,117,387.0
1082,18.033333,16.5,256,774,130,383.0
1083,18.05,16.487,272,747,122,379.0
1084,18.066667,16.488,271,892,145,376.0
1085,18.083333,16.487,242,1048,231,373.0
1086,18.1,16.486,259,994,188,368.0
1087,18.116667,16.493,269,951,179,366.0
1088,18.133333,16.5,302,968,179,362.0
1089,18.15,16.503,326,1004,151,360.0
1090,18.166667,16.503,357,995,156,358.0
1091,18.183333,16.511,370,977,154,356.0
1092,18.2,16.51,388,958,162,356.0
1093,18.216667,16.508,390,959,162,354.0
1094,18.233333,16.504,337,985,159,354.0
1095,18.25,16.499,382,970,153,354.0
1096,18.266667,16.492,374,969,159,356.0
1097,18.283333,16.486,366,938,162,356.0
1098,18.3,16.468,348,955,156,356.0
1099,18.316667,16.458,313,1073,240,358.0
1100,18.333333,16.453,308,1046,196,358.0
1101,18.35,16.448,329,1073,191,360.0
1102,18.366667,16.444,321,1019,164,360.0
1103,18.383333,16.447,351,1037,159,361.0
1104,18.4,16.442,363,1054,157,362.0
1105,18.416667,16.439,345,1051,156,362.0
1106,18.433333,16.438,362,988,156,362.0
1107,18.45,16.438,346,1055,153,364.0
1108,18.466667,16.449,334,1081,199,364.0
1109,18.483333,16.452,296,995,147,364.0
1110,18.5,16.455,313,1110,152,363.0
1111,18.516667,16.465,294,1061,153,363.0
1112,18.533333,16.468,284,1084,151,363.0
1113,18.55,16.479,316,1026,151,364.0
1114,18.566667,16.488,326,1044,159,364.0
1115,18.583333,16.494,323,1036,173,362.0
1116,18.6,16.499,333,1012,185,364.0
1117,18.616667,16.494,317,973,174,364.0
1118,18.633333,16.5,324,913,196,363.0
1119,18.65,16.5,331,835,149,362.0
1120,18.666667,16.504,334,921,160,362.0
1121,18.683333,16.512,339,916,160,362.0
1122,18.7,16.516,353,888,155,362.0
1123,18.716667,16.518,309,920,167,362.0
1124,18.733333,16.523,357,961,161,361.0
1125,18.75,16.523,341,946,177,361.0
1126,18.766667,16.52,333,1021,213,362.0
1127,18.783333,16.519,322,981,193,361.0
1128,18.8,16.509,291,908,142,362.0
1129,18.816667,16.503,300,814,146,366.0
1130,18.833333,16.487,237,802,145,372.0
1131,18.85,16.491,267,869,137,378.0
1132,18.866667,16.48,269,836,128,382.0
1133,18.883333,16.471,261,684,111,392.0
1134,18.9,16.466,280,575,112,398.0
1135,18.916667,16.458,250,636,117,404.0
1136,18.933333,16.459,247,658,123,412.0
1137,18.95,16.449,244,638,114,418.0
1138,18.966667,16.452,233,682,58,422.0
1139,18.983333,16.448,244,675,85,426.0
1140,19.0,16.449,242,629,78,430.0
1141,19.016667,16.448,241,570,59,431.0
1142,19.033333,16.463,231,614,54,434.0
1143,19.05,16.459,227,605,48,436.0
1144,19.066667,16.452,219,543,44,438.0
1145,19.083333,16.466,224,537,42,440.0
1146,19.1,16.473,225,523,44,442.0
1147,19.116667,16.47,220,528,42,445.0
1148,19.133333,16.485,225,530,54,446.0
1149,19.15,16.491,228,501,40,448.0
1150,19.166667,16.483,201,503,41,448.0
1151,19.183333,16.496,219,488,39,448.0
1152,19.2,16.495,210,485,30,449.0
1153,19.216667,16.497,233,496,28,450.0
1154,19.233333,16.501,227,479,22,450.0
1155,19.25,16.506,213,455,22,450.0
1156,19.266667,16.506,208,455,20,450.0
1157,19.283333,16.509,213,450,24,448.0
1158,19.3,16.513,192,457,27,447.0
1159,19.316667,16.514,190,488,59,444.0
1160,19.333333,16.514,193,411,45,442.0
1161,19.35,16.504,211,452,48,436.0
1162,19.366667,16.502,202,516,94,432.0
1163,19.383333,16.487,214,586,83,426.0
1164,19.4,16.48,207,637,76,420.0
1165,19.416667,16.47,215,515,77,416.0
1166,19.433333,16.456,261,472,37,410.0
1167,19.45,16.45,243,634,95,406.0
1168,19.466667,16.436,239,524,104,400.0
1169,19.483333,16.436,225,614,110,396.0
1170,19.5,16.432,265,763,113,392.0
1171,19.516667,16.433,249,764,123,388.0
1172,19.533333,16.433,251,762,129,386.0
1173,19.55,16.43,257,830,136,382.0
1174,19.566667,16.436,246,889,142,378.0
1175,19.583333,16.44,252,994,203,374.0
1176,19.6,16.449,231,1054,199,370.0
1177,19.616667,16.449,249,1069,179,368.0
1178,19.633333,16.46,248,1094,204,364.0
1179,19.65,16.47,281,1067,168,360.0
1180,19.666667,16.466,313,1073,142,359.0
1181,19.683333,16.48,312,1058,152,356.0
1182,19.7,16.476,298,1077,167,356.0
1183,19.716667,16.478,330,992,156,355.0
1184,19.733333,16.49,350,943,145,354.0
1185,19.75,16.489,380,949,158,354.0
1186,19.766667,16.479,343,939,159,354.0
1187,19.783333,16.487,368,901,154,356.0
1188,19.8,16.487,367,930,146,356.0
1189,19.816667,16.498,325,1002,227,356.0
1190,19.833333,16.504,334,1008,184,358.0
1191,19.85,16.512,312,981,173,358.0
1192,19.866667,16.516,300,953,167,360.0
1193,19.883333,16.513,289,927,169,360.0
1194,19.9,16.512,328,860,159,361.0
1195,19.916667,16.505,352,864,171,362.0
1196,19.933333,16.497,332,887,173,362.0
1197,19.95,16.491,342,900,173,362.0
1198,19.966667,16.465,354,928,181,364.0
1199,19.983333,16.463,312,877,161,364.0
1200,20.0,16.452,296,884,151,364.0
1201,20.016667,16.437,303,980,154,363.0
1202,20.033333,16.452,271,1035,156,362.0
1203,20.05,16.443,290,1025,154,363.0
1204,20.066667,16.434,268,1071,170,362.0
1205,20.083333,16.434,280,1098,176,362.0
1206,20.1,16.443,311,1058,179,362.0
1207,20.116667,16.446,303,1084,191,364.0
1208,20.133333,16.453,320,1089,182,362.0
1209,20.15,16.446,324,1054,162,362.0
1210,20.166667,16.446,318,1079,175,362.0
1211,20.183333,16.461,302,1107,173,362.0
1212,20.2,16.463,348,1014,173,362.0
1213,20.216667,16.479,314,1022,167,362.0
1214,20.233333,16.485,319,1036,168,362.0
1215,20.25,16.492,343,943,155,362.0
1216,20.266667,16.5,342,994,210,362.0
1217,20.283333,16.495,305,955,186,362.0
1218,20.3,16.497,356,957,200,360.0
1219,20.316667,16.497,328,931,180,360.0
1220,20.333333,16.497,325,911,168,360.0
1221,20.35,16.502,337,868,162,360.0
1222,20.366667,16.51,333,920,165,360.0
1223,20.383333,16.511,342,946,165,360.0
1224,20.4,16.503,304,961,240,360.0
1225,20.416667,16.508,321,890,199,360.0
1226,20.433333,16.502,295,962,240,360.0
1227,20.45,16.502,331,902,223,360.0
1228,20.466667,16.503,306,917,235,360.0
1229,20.483333,16.494,300,909,224,360.0
1230,20.5,16.48,289,909,202,362.0
1231,20.516667,16.461,164,854,141,368.0
1232,20.533333,16.454,221,816,145,372.0
1233,20.55,16.455,163,929,144,376.0
1234,20.566667,16.44,230,711,130,384.0
1235,20.583333,16.435,218,633,114,392.0
1236,20.6,16.443,225,645,116,396.0
1237,20.616667,16.433,168,644,108,406.0
1238,20.633333,16.423,153,721,103,414.0
1239,20.65,16.425,186,701,113,418.0
1240,20.666667,16.433,182,618,54,420.0
1241,20.683333,16.433,155,673,109,428.0
1242,20.7,16.44,187,607,63,430.0
1243,20.716667,16.446,196,605,60,430.0
1244,20.733333,16.446,168,566,57,432.0
1245,20.75,16.455,160,557,51,434.0
1246,20.766667,16.461,171,553,52,438.0
1247,20.783333,16.474,178,532,44,440.0
1248,20.8,16.484,185,503,42,441.0
1249,20.816667,16.486,173,456,35,444.0
1250,20.833333,16.494,195,482,49,446.0
1251,20.85,16.497,162,451,41,447.0
1252,20.866667,16.502,174,468,42,448.0
1253,20.883333,16.494,160,466,42,448.0
1254,20.9,16.501,132,467,36,450.0
1255,20.916667,16.501,133,441,36,450.0
1256,20.933333,16.503,143,458,36,450.0
1257,20.95,16.505,167,450,38,450.0
1258,20.966667,16.512,161,465,37,450.0
1259,20.983333,16.512,155,455,39,449.0
1260,21.0,16.522,116,436,40,448.0
1261,21.016667,16.508,156,420,40,444.0
1262,21.033333,16.508,166,402,40,440.0
1263,21.05,16.502,146,517,80,435.0
1264,21.066667,16.491,136,535,65,430.0
1265,21.083333,16.476,152,625,78,424.0
1266,21.1,16.466,165,665,78,418.0
1267,21.116667,16.459,182,535,74,414.0
1268,21.133333,16.452,211,669,116,408.0
1269,21.15,16.448,196,726,101,404.0
1270,21.166667,16.44,206,679,110,400.0
1271,21.183333,16.438,233,679,111,395.0
1272,21.2,16.441,250,774,118,391.0
1273,21.216667,16.434,266,808,126,387.0
1274,21.233333,16.443,260,729,128,384.0
1275,21.25,16.436,257,829,136,380.0
1276,21.266667,16.447,230,915,142,378.0
1277,21.283333,16.452,230,994,181,372.0
1278,21.3,16.458,232,1081,217,370.0
1279,21.316667,16.463,260,1060,201,368.0
1280,21.333333,16.47,270,1084,217,366.0
1281,21.35,16.47,256,1082,222,366.0
1282,21.366667,16.463,240,1071,208,364.0
1283,21.383333,16.485,246,990,131,356.0
1284,21.4,16.478,288,1067,144,356.0
1285,21.416667,16.486,351,1022,141,354.0
1286,21.433333,16.488,346,1052,155,354.0
1287,21.45,16.488,324,973,157,354.0
1288,21.466667,16.491,366,964,159,354.0
1289,21.483333,16.497,360,972,154,356.0
1290,21.5,16.511,351,996,168,356.0
1291,21.516667,16.515,326,1095,249,356.0
1292,21.533333,16.518,299,999,217,358.0
1293,21.55,16.513,301,981,191,360.0
1294,21.566667,16.513,334,898,165,360.0
1295,21.583333,16.503,276,879,166,360.0
1296,21.6,16.488,309,921,158,361.0
1297,21.616667,16.486,353,874,148,362.0
1298,21.633333,16.467,293,853,144,362.0
1299,21.65,16.454,311,909,161,362.0
1300,21.666667,16.453,295,845,139,364.0
1301,21.683333,16.446,242,933,151,364.0
1302,21.7,16.438,236,1008,152,363.0
1303,21.716667,16.439,243,1033,152,363.0
1304,21.733333,16.432,239,1037,152,363.0
1305,21.75,16.427,219,1065,152,364.0
1306,21.766667,16.431,244,1062,152,364.0
1307,21.783333,16.429,219,1083,165,364.0
1308,21.8,16.433,239,1058,172,364.0
1309,21.816667,16.436,247,1110,185,362.0
1310,21.833333,16.438,277,1139,204,363.0
1311,21.85,16.44,278,1091,145,362.0
1312,21.866667,16.448,301,1065,155,362.0
1313,21.883333,16.453,279,1020,164,362.0
1314,21.9,16.461,304,997,154,362.0
1315,21.916667,16.471,305,953,164,362.0
1316,21.933333,16.465,309,978,167,362.0
1317,21.95,16.465,349,920,156,361.0
1318,21.966667,16.474,316,981,213,362.0
1319,21.983333,16.477,323,974,194,362.0
1320,22.0,16.499,313,987,168,360.0
1321,22.016667,16.488,297,934,163,360.0
1322,22.033333,16.484,316,882,162,360.0
1323,22.05,16.475,310,893,164,360.0
1324,22.066667,16.478,319,968,163,360.0
1325,22.083333,16.475,293,978,184,360.0
1326,22.1,16.468,307,1021,211,360.0
1327,22.116667,16.462,305,865,202,360.0
1328,22.133333,16.461,316,926,225,360.0
1329,22.15,16.452,316,848,201,360.0
1330,22.166667,16.438,304,873,202,360.0
1331,22.183333,16.433,276,801,180,360.0
1332,22.2,16.413,291,852,176,360.0
1333,22.216667,16.399,313,905,205,360.0
1334,22.233333,16.396,271,849,134,362.0
1335,22.25,16.379,259,1049,170,374.0
1336,22.266667,16.373,245,719,183,380.0
1337,22.283333,16.368,167,504,0,593.0
1338,22.3,16.36,5722,486,8,458.0
1339,22.316667,16.361,5622,143,0,532.0
1340,22.333333,16.365,5717,1,0,-1
1341,22.35,16.372,5903,133,0,537.0
1342,22.366667,16.372,6013,145,0,529.0
1343,22.383333,16.379,5712,16,0,550.0
1344,22.4,16.379,6276,82,0,554.0
1345,22.416667,16.377,5936,122,0,546.0
1346,22.433333,16.384,6287,278,0,544.0
1347,22.45,16.396,6250,428,0,542.0
1348,22.466667,16.403,5485,551,0,542.0
1349,22.483333,16.407,5251,520,0,544.0
1350,22.5,16.406,5100,561,0,548.0
1351,22.516667,16.408,4509,459,0,552.0
1352,22.533333,16.405,4149,373,0,560.0
1353,22.55,16.405,3527,134,0,572.0
1354,22.566667,15.769,2117,128,0,535.0
1355,22.583333,14.967,1545,73,0,582.0
1356,22.6,15.301,1326,78,0,602.0
1357,22.616667,22.503,870,45,0,620.0
1358,22.633333,27.274,579,32,2,280.0
1359,22.65,31.535,170,4,0,668.0
1360,22.666667,36.179,362,0,0,-1
1361,22.683333,35.449,861,392,392,280.0
1362,22.7,33.857,1081,954,954,280.0
1363,22.716667,33.838,1470,1290,1290,280.0
1364,22.733333,33.359,1709,3808,3808,280.0
1365,22.75,33.6,1773,6042,6042,280.0
1366,22.766667,34.948,1836,6996,6996,280.0
1367,22.783333,35.898,1917,8030,7810,280.0
1368,22.8,36.166,1979,8698,7899,280.0
1369,22.816667,34.315,2000,11482,10276,280.0
1370,22.833333,32.46,1820,14471,13044,280.0
1371,22.85,30.375,1700,16332,13966,280.0
1372,22.866667,30.473,1550,16442,14069,280.0
1373,22.883333,30.42,1413,16383,14011,280.0
1374,22.9,30.425,1431,16437,14069,280.0
1375,22.916667,30.385,1433,16467,14092,280.0
1376,22.933333,30.371,1386,16467,14095,280.0
1377,22.95,30.417,1381,16487,14109,280.0
1378,22.966667,30.403,1376,16500,14113,280.0
1379,22.983333,30.391,1343,16506,14126,280.0
1380,23.0,30.27,1193,16727,14474,280.0
1381,23.016667,30.219,1209,16749,14489,280.0
1382,23.033333,30.203,1175,16754,14488,280.0
1383,23.05,30.244,1179,16729,14477,280.0
1384,23.066667,30.225,1182,16751,14475,280.0
1385,23.083333,30.236,1160,16805,14528,280.0
1386,23.1,30.285,1161,16859,14535,280.0
1387,23.116667,30.331,1156,16825,14506,280.0
1388,23.133333,30.288,1174,16888,14568,280.0
1389,23.15,30.243,1187,16750,14557,280.0
1390,23.166667,30.224,1187,16919,14691,280.0
1391,23.183333,30.237,1180,16880,14695,280.0
1392,23.2,30.189,1173,16879,14654,280.0
1393,23.216667,30.15,1178,16902,14668,280.0
1394,23.233333,30.133,1178,16822,14591,280.0
1395,23.25,30.117,1163,16918,14657,280.0
1396,23.266667,30.119,1195,16879,14625,280.0
1397,23.283333,30.111,1143,16788,14523,280.0
1398,23.3,30.103,1140,16933,14630,280.0
1399,23.316667,30.091,1153,16914,14608,280.0
1400,23.333333,30.077,1152,16838,14583,280.0
1401,23.35,30.067,1160,16850,14626,280.0
1402,23.366667,30.066,1194,16801,14553,280.0
1403,23.383333,30.058,1236,16898,14639,280.0
1404,23.4,30.033,1210,16829,14587,280.0
1405,23.416667,30.039,1193,16915,14676,280.0
1406,23.433333,30.034,1228,16782,14516,280.0
1407,23.45,30.031,1184,16851,14608,280.0
1408,23.466667,30.031,1212,16856,14596,280.0
1409,23.483333,30.026,1196,16872,14605,280.0
1410,23.5,30.024,1208,16842,14600,280.0
1411,23.516667,30.008,1159,16985,14731,280.0
1412,23.533333,30.016,1189,16973,14677,280.0
1413,23.55,30.024,1150,16997,14680,280.0
1414,23.566667,30.031,1185,16848,14642,280.0
1415,23.583333,30.014,1194,16894,14677,280.0
1416,23.6,29.959,1186,16901,14698,280.0
1417,23.616667,29.929,1219,16860,14633,280.0
1418,23.633333,29.963,1148,16999,14681,280.0
1419,23.65,30.014,1176,16929,14596,280.0
1420,23.666667,30.003,1169,16980,14648,280.0
1421,23.683333,29.962,1156,16949,14648,280.0
1422,23.7,29.913,1203,16997,14655,280.0
1423,23.716667,29.976,1188,16990,14631,280.0
1424,23.733333,30.1,1197,16997,14627,280.0
1425,23.75,30.195,1201,16878,14557,280.0
1426,23.766667,30.307,1193,16861,14550,280.0
1427,23.783333,30.215,1187,16928,14593,280.0
1428,23.8,30.207,1198,16913,14592,280.0
1429,23.816667,30.207,1165,17089,14762,280.0
1430,23.833333,30.209,1213,17009,14689,280.0
1431,23.85,30.213,1171,17039,14731,280.0
1432,23.866667,30.216,1218,17035,14717,280.0
1433,23.883333,30.208,1172,17053,14661,280.0
1434,23.9,30.202,1177,17072,14682,280.0
1435,23.916667,30.205,1190,17052,14714,280.0
1436,23.933333,30.215,1133,17088,14728,280.0
1437,23.95,30.214,1155,17064,14718,280.0
1438,23.966667,30.207,1123,17133,14716,280.0
1439,23.983333,30.198,1156,17136,14705,280.0
1440,24.0,30.218,1353,16749,14364,280.0
1441,24.016667,30.218,1380,16777,14368,280.0
1442,24.033333,30.213,1345,16831,14369,280.0
1443,24.05,30.192,1304,16980,14536,280.0
1444,24.066667,30.189,1230,16953,14552,280.0
1445,24.083333,30.194,1199,16990,14557,280.0
1446,24.1,30.148,1206,16993,14563,280.0
1447,24.116667,30.147,1199,16981,14557,280.0
1448,24.133333,30.146,1183,16999,14577,280.0
1449,24.15,30.15,1144,17024,14601,280.0
1450,24.166667,30.153,1193,17028,14606,280.0
1451,24.183333,30.153,1191,17020,14600,280.0
1452,24.2,30.152,1181,17052,14585,280.0
1453,24.216667,30.152,1183,17109,14576,280.0
1454,24.233333,30.152,1182,17075,14568,280.0
1455,24.25,30.152,1180,17101,14575,280.0
1456,24.266667,30.152,1174,17092,14571,280.0
1457,24.283333,30.286,1156,17224,14677,280.0
1458,24.3,30.263,1171,17189,14653,280.0
1459,24.316667,30.166,1410,17086,14569,280.0
1460,24.333333,30.164,1409,17094,14583,280.0
1461,24.35,30.164,1407,17095,14591,280.0
1462,24.366667,30.16,1408,17085,14581,280.0
1463,24.383333,30.155,1414,17123,14619,280.0
1464,24.4,30.157,1346,17072,14599,280.0
1465,24.416667,30.157,1405,17072,14599,280.0
1466,24.433333,30.162,1407,17060,14586,280.0
1467,24.45,30.163,1398,17060,14586,280.0
1468,24.466667,30.163,1399,17059,14586,280.0
1469,24.483333,30.164,1398,17066,14593,280.0
1470,24.5,30.164,1401,17071,14598,280.0
1471,24.516667,30.162,1406,17070,14598,280.0
1472,24.533333,30.161,1405,17115,14584,280.0
1473,24.55,30.161,1411,17115,14584,280.0
1474,24.566667,30.162,1403,17115,14583,280.0
1475,24.583333,29.976,1392,17701,14865,280.0
1476,24.6,29.514,1420,18357,15152,280.0
1477,24.616667,29.141,1439,19248,15722,280.0
1478,24.633333,28.774,1450,20091,16029,280.0
1479,24.65,28.555,1438,20579,16230,280.0
1480,24.666667,28.374,987,20908,16399,280.0
1481,24.683333,28.702,2070,20531,16180,280.0
1482,24.7,29.244,1963,19166,14529,280.0
1483,24.716667,28.868,2794,18766,14208,280.0
1484,24.733333,28.606,3244,19787,15311,280.0
1485,24.75,28.513,2571,20300,15830,280.0
1486,24.766667,28.508,2132,20669,16195,280.0
1487,24.783333,29.082,2146,20237,16007,280.0
1488,24.8,31.291,2063,18092,14867,280.0
1489,24.816667,32.724,1878,16985,14466,280.0
1490,24.833333,34.223,1695,14440,12834,280.0
1491,24.85,35.805,1581,11972,10580,280.0
1492,24.866667,36.668,1408,10009,8824,280.0
1493,24.883333,36.272,1310,9751,9015,280.0
1494,24.9,35.38,1079,8333,8283,280.0
1495,24.916667,34.448,1078,7970,7968,280.0
1496,24.933333,33.524,1030,7182,7162,280.0
1497,24.95,33.533,947,4810,4810,280.0
1498,24.966667,33.468,774,2493,2493,280.0
1499,24.983333,33.705,633,963,963,296.0
1500,25.0,33.869,523,603,603,280.0
1501,25.016667,35.942,499,189,189,280.0
1502,25.033333,35.371,484,0,0,-1
1503,25.05,32.056,455,0,0,-1
1504,25.066667,28.668,387,0,0,-1
1505,25.083333,25.217,295,0,0,-1
1506,25.1,21.615,233,0,0,-1
1507,25.116667,17.092,233,0,0,-1
1508,25.133333,15.219,233,0,0,-1
1509,25.15,15.652,233,0,0,-1
1510,25.166667,16.092,229,0,0,-1
1511,25.183333,16.249,228,0,0,-1
1512,25.2,16.253,227,0,0,-1
1513,25.216667,16.265,228,0,0,-1
1514,25.233333,16.268,226,0,0,-1
1515,25.25,16.276,225,0,0,-1
1516,25.266667,16.277,225,0,0,-1
1517,25.283333,16.277,225,0,0,-1
1518,25.3,16.279,224,0,0,-1
1519,25.316667,16.281,224,0,0,-1
1520,25.333333,16.284,224,0,0,-1
1521,25.35,16.286,224,0,0,-1
1522,25.366667,16.288,224,0,0,-1
1523,25.383333,16.29,224,0,0,-1
1524,25.4,16.292,224,0,0,-1
1525,25.416667,16.292,224,0,0,-1
1526,25.433333,16.296,224,0,0,-1
1527,25.45,16.293,224,0,0,-1
1528,25.466667,16.288,224,0,0,-1
1529,25.483333,16.285,224,0,0,-1
1530,25.5,16.281,224,0,0,-1
1531,25.516667,16.28,224,0,0,-1
1532,25.533333,16.272,225,0,0,-1
1533,25.55,16.27,225,0,0,-1
1534,25.566667,16.267,225,0,0,-1
1535,25.583333,16.26,225,0,0,-1
1536,25.6,16.251,226,0,0,-1
1537,25.616667,16.248,226,0,0,-1
1538,25.633333,16.249,226,0,0,-1
1539,25.65,16.238,226,0,0,-1
1540,25.666667,16.244,227,0,0,-1
1541,25.683333,16.238,227,0,0,-1
1542,25.7,16.241,227,0,0,-1
1543,25.716667,16.255,227,0,0,-1
1544,25.733333,16.26,227,0,0,-1
1545,25.75,16.278,227,0,0,-1
1546,25.766667,16.3,227,0,0,-1
1547,25.783333,16.32,226,0,0,-1
1548,25.8,16.341,226,0,0,-1
1549,25.816667,16.358,226,0,0,-1
1550,25.833333,16.372,226,0,0,-1
1551,25.85,16.389,226,0,0,-1
1552,25.866667,16.404,226,0,0,-1
1553,25.883333,16.409,226,0,0,-1
1554,25.9,16.475,226,0,0,-1
1555,25.916667,16.492,226,0,0,-1
1556,25.933333,16.491,226,0,0,-1
1557,25.95,16.48,226,0,0,-1
1558,25.966667,16.484,227,0,0,-1
1559,25.983333,16.47,227,0,0,-1
1560,26.0,16.475,227,0,0,-1
1561,26.016667,16.455,227,0,0,-1
1562,26.033333,16.466,227,0,0,-1
1563,26.05,16.434,227,0,0,-1
1564,26.066667,16.451,227,0,0,-1
1565,26.083333,16.421,227,0,0,-1
1566,26.1,16.45,227,0,0,-1
1567,26.116667,16.44,227,0,0,-1
1568,26.133333,16.446,241,0,0,-1
1569,26.15,16.434,227,0,0,-1
1570,26.166667,16.45,240,0,0,-1
1571,26.183333,16.46,233,0,0,-1
1572,26.2,16.421,238,0,0,-1
1573,26.216667,16.446,245,0,0,-1
1574,26.233333,16.483,246,0,0,-1
1575,26.25,16.469,262,0,0,-1
1576,26.266667,16.458,247,0,0,-1
1577,26.283333,16.494,290,0,0,-1
1578,26.3,16.479,288,0,0,-1
1579,26.316667,16.433,360,0,0,-1
1580,26.333333,16.444,237,0,0,-1
1581,26.35,16.503,270,102,0,618.0
1582,26.366667,16.519,571,401,0,620.0
1583,26.383333,16.536,452,444,0,598.0
1584,26.4,16.52,392,522,0,579.0
1585,26.416667,16.519,417,549,0,567.0
1586,26.433333,16.562,504,678,0,554.0
1587,26.45,16.526,366,769,0,548.0
1588,26.466667,16.518,272,715,0,544.0
1589,26.483333,16.505,229,753,0,540.0
1590,26.5,16.551,231,724,0,538.0
1591,26.516667,16.542,195,725,0,536.0
1592,26.533333,16.536,187,842,0,530.0
1593,26.55,16.524,185,884,0,526.0
1594,26.566667,16.523,160,858,0,527.0
1595,26.583333,16.484,144,799,0,504.0
1596,26.6,16.473,135,823,0,491.0
1597,26.616667,16.462,131,823,0,472.0
1598,26.633333,16.461,149,854,29,440.0
1599,26.65,16.456,121,866,88,404.0
1600,26.666667,16.45,137,889,148,372.0
1601,26.683333,16.43,98,940,177,370.0
1602,26.7,16.429,108,961,160,370.0
1603,26.716667,16.406,89,904,154,370.0
1604,26.733333,16.419,86,861,173,369.0
1605,26.75,16.453,172,889,152,370.0
1606,26.766667,16.416,162,767,110,372.0
1607,26.783333,16.439,136,804,161,372.0
1608,26.8,16.426,213,879,170,372.0
1609,26.816667,16.433,172,835,138,372.0
1610,26.833333,16.445,177,839,151,372.0
1611,26.85,16.449,209,887,172,372.0
1612,26.866667,16.467,172,860,127,370.0
1613,26.883333,16.477,194,857,121,368.0
1614,26.9,16.466,199,966,130,368.0
1615,26.916667,16.473,463,966,147,368.0
1616,26.933333,16.448,1009,856,139,366.0
1617,26.95,16.465,1429,872,172,364.0
1618,26.966667,16.47,2035,652,114,364.0
1619,26.983333,16.494,2710,615,151,362.0
1620,27.0,16.506,3583,543,155,362.0
1621,27.016667,16.499,4201,440,165,360.0
1622,27.033333,16.501,4758,409,162,360.0
1623,27.05,16.506,5101,407,159,360.0
1624,27.066667,16.506,5275,399,160,360.0
1625,27.083333,16.51,5704,321,121,360.0
1626,27.1,16.505,5964,331,148,360.0
1627,27.116667,16.515,6120,481,230,360.0
1628,27.133333,16.513,6365,309,97,360.0
1629,27.15,16.496,6406,403,200,359.0
1630,27.166667,16.499,6806,486,252,360.0
1631,27.183333,16.498,7122,383,142,360.0
1632,27.2,16.472,6992,477,253,360.0
1633,27.216667,16.457,6697,229,4,358.0
1634,27.233333,16.432,6828,425,130,360.0
1635,27.25,16.44,6510,532,244,360.0
1636,27.266667,16.433,6492,352,85,360.0
1637,27.283333,16.432,6281,398,121,360.0
1638,27.3,16.417,5834,394,153,360.0
1639,27.316667,16.422,5627,401,161,360.0
1640,27.333333,16.415,5100,431,209,360.0
1641,27.35,16.431,4612,407,189,360.0
1642,27.366667,16.423,4228,459,201,360.0
1643,27.383333,16.435,3917,525,227,360.0
1644,27.4,16.441,3840,376,100,360.0
1645,27.416667,16.459,3768,424,132,360.0
1646,27.433333,16.458,3633,519,211,360.0
1647,27.45,16.466,3591,447,142,360.0
1648,27.466667,16.483,3476,497,174,360.0
1649,27.483333,16.467,3165,504,189,360.0
1650,27.5,16.472,2951,599,196,360.0
1651,27.516667,16.468,2620,615,246,360.0
1652,27.533333,16.472,2440,663,246,360.0
1653,27.55,16.48,2262,760,232,360.0
1654,27.566667,16.488,2175,821,255,360.0
1655,27.583333,16.495,2062,635,164,360.0
1656,27.6,16.504,1962,697,214,360.0
1657,27.616667,16.495,1803,700,239,360.0
1658,27.633333,16.501,1678,539,112,360.0
1659,27.65,16.499,1459,600,182,360.0
1660,27.666667,16.497,1341,754,215,360.0
1661,27.683333,16.481,1225,735,184,360.0
1662,27.7,16.475,1059,786,211,360.0
1663,27.716667,16.461,1063,819,204,360.0
1664,27.733333,16.456,988,859,187,360.0
1665,27.75,16.449,955,948,214,360.0
1666,27.766667,16.445,877,938,119,360.0
1667,27.783333,16.428,885,1087,201,360.0
1668,27.8,16.421,843,1213,194,360.0
1669,27.816667,16.426,734,1297,135,360.0
1670,27.833333,16.43,637,1508,158,360.0
1671,27.85,16.428,564,1721,197,360.0
1672,27.866667,16.427,474,1729,173,360.0
1673,27.883333,16.422,527,2037,176,360.0
1674,27.9,16.422,473,2170,183,360.0
1675,27.916667,16.431,396,1803,202,360.0
1676,27.933333,16.44,361,1368,173,360.0
1677,27.95,16.45,334,1186,120,360.0
1678,27.966667,16.454,306,1314,207,360.0
1679,27.983333,16.466,282,1288,187,360.0
1680,28.0,16.499,259,1344,175,360.0
1681,28.016667,16.477,242,1441,183,360.0
1682,28.033333,16.501,239,1436,202,360.0
1683,28.05,16.482,235,1709,188,360.0
1684,28.066667,16.469,322,1646,183,360.0
1685,28.083333,16.482,269,1650,200,360.0
1686,28.1,16.486,351,1957,244,360.0
1687,28.116667,16.49,328,1638,176,360.0
1688,28.133333,16.493,316,1548,187,360.0
1689,28.15,16.494,323,1351,194,360.0
1690,28.166667,16.498,373,1198,185,360.0
1691,28.183333,16.507,332,1073,171,360.0
1692,28.2,16.512,375,1018,171,360.0
1693,28.216667,16.511,284,806,200,360.0
1694,28.233333,16.506,345,1015,219,360.0
1695,28.25,16.497,439,852,202,360.0
1696,28.266667,16.496,384,920,211,360.0
1697,28.283333,16.478,369,962,229,360.0
1698,28.3,16.467,332,922,175,360.0
1699,28.316667,16.459,309,726,91,364.0
1700,28.333333,16.453,252,667,150,369.0
1701,28.35,16.444,267,688,149,370.0
1702,28.366667,16.436,263,670,138,378.0
1703,28.383333,16.432,256,649,131,384.0
1704,28.4,16.427,276,677,118,392.0
1705,28.416667,16.423,249,608,113,400.0
1706,28.433333,16.424,272,457,112,406.0
1707,28.45,16.424,233,456,120,413.0
1708,28.466667,16.427,215,471,99,416.0
1709,28.483333,16.428,238,411,86,420.0
1710,28.5,16.439,225,409,55,426.0
1711,28.516667,16.441,199,402,74,428.0
1712,28.533333,16.451,207,462,59,432.0
1713,28.55,16.463,188,427,53,434.0
1714,28.566667,16.469,193,459,51,436.0
1715,28.583333,16.486,189,375,46,438.0
1716,28.6,16.481,209,434,46,438.0
1717,28.616667,16.493,194,404,43,442.0
1718,28.633333,16.492,189,360,46,444.0
1719,28.65,16.494,184,410,54,446.0
1720,28.666667,16.498,194,418,51,446.0
1721,28.683333,16.503,193,418,37,448.0
1722,28.7,16.493,146,414,37,449.0
1723,28.716667,16.506,196,437,34,450.0
1724,28.733333,16.507,189,427,21,450.0
1725,28.75,16.506,198,462,20,450.0
1726,28.766667,16.507,215,438,20,450.0
1727,28.783333,16.503,178,451,22,449.0
1728,28.8,16.497,209,443,24,448.0
1729,28.816667,16.49,188,485,32,446.0
1730,28.833333,16.478,175,542,46,444.0
1731,28.85,16.473,168,491,41,440.0
1732,28.866667,16.463,217,535,52,434.0
1733,28.883333,16.457,211,659,81,430.0
1734,28.9,16.445,209,654,82,426.0
1735,28.916667,16.441,233,654,80,418.0
1736,28.933333,16.438,233,644,81,414.0
1737,28.95,16.429,241,612,46,435.0
1738,28.966667,16.426,201,540,32,404.0
1739,28.983333,16.423,208,711,104,400.0
1740,29.0,16.451,198,637,111,396.0
1741,29.016667,16.429,206,676,115,390.0
1742,29.033333,16.448,219,690,123,387.0
1743,29.05,16.429,217,761,128,384.0
1744,29.066667,16.465,227,850,137,379.0
1745,29.083333,16.445,202,823,143,376.0
1746,29.1,16.445,190,986,208,372.0
1747,29.116667,16.454,189,947,188,370.0
1748,29.133333,16.461,217,998,175,366.0
1749,29.15,16.471,229,962,159,362.0
1750,29.166667,16.472,233,936,151,360.0
1751,29.183333,16.483,260,899,124,358.0
1752,29.2,16.483,283,935,141,356.0
1753,29.216667,16.482,296,965,125,355.0
1754,29.233333,16.481,336,916,127,354.0
1755,29.25,16.491,323,916,137,354.0
1756,29.266667,16.494,320,922,141,354.0
1757,29.283333,16.492,326,926,145,354.0
1758,29.3,16.501,297,965,147,356.0
1759,29.316667,16.498,303,957,167,356.0
1760,29.333333,16.501,274,1003,231,356.0
1761,29.35,16.496,271,903,175,357.0
1762,29.366667,16.486,271,928,170,358.0
1763,29.383333,16.476,269,922,165,360.0
1764,29.4,16.459,252,934,165,360.0
1765,29.416667,16.457,262,937,163,360.0
1766,29.433333,16.441,275,943,155,362.0
1767,29.45,16.444,270,928,150,362.0
1768,29.466667,16.442,305,932,158,362.0
1769,29.483333,16.437,279,948,174,363.0
1770,29.5,16.436,282,932,141,363.0
1771,29.516667,16.43,263,876,144,362.0
1772,29.533333,16.423,237,981,155,362.0
1773,29.55,16.433,265,1058,157,362.0
1774,29.566667,16.431,263,1059,160,362.0
1775,29.583333,16.439,274,1107,171,362.0
1776,29.6,16.437,277,1073,173,362.0
1777,29.616667,16.446,264,1085,182,362.0
1778,29.633333,16.45,275,1079,186,362.0
1779,29.65,16.463,262,1116,201,362.0
1780,29.666667,16.466,303,1049,161,362.0
1781,29.683333,16.476,323,979,155,362.0
1782,29.7,16.474,306,953,164,362.0
1783,29.716667,16.478,294,876,154,362.0
1784,29.733333,16.486,299,891,162,362.0
1785,29.75,16.491,312,924,169,361.0
1786,29.766667,16.489,332,843,155,360.0
1787,29.783333,16.488,309,936,200,360.0
1788,29.8,16.496,320,929,200,360.0
1789,29.816667,16.501,308,906,195,360.0
1790,29.833333,16.504,297,895,163,360.0
1791,29.85,16.509,282,936,161,360.0
1792,29.866667,16.501,297,903,160,360.0
1793,29.883333,16.508,267,880,158,359.0
1794,29.9,16.501,297,885,175,360.0
1795,29.916667,16.499,295,952,194,360.0
1796,29.933333,16.488,305,895,208,359.0
1797,29.95,16.484,307,935,173,360.0
1798,29.966667,16.468,322,917,200,360.0
1799,29.983333,16.464,317,925,199,360.0
1800,30.0,16.471,309,948,205,360.0
1801,30.016667,16.444,295,995,214,360.0
1802,30.033333,16.467,297,973,185,360.0
1803,30.05,16.427,309,1011,201,360.0
1804,30.066667,16.456,348,974,213,360.0
1805,30.083333,16.432,332,994,169,360.0
1806,30.1,16.427,360,995,165,360.0
1807,30.116667,16.431,361,989,192,360.0
1808,30.133333,16.432,343,981,202,360.0
1809,30.15,16.432,330,987,215,360.0
1810,30.166667,16.434,353,1009,238,360.0
1811,30.183333,16.449,355,1018,218,360.0
1812,30.2,16.456,323,1033,245,360.0
1813,30.216667,16.471,291,1027,186,360.0
1814,30.233333,16.476,292,932,121,368.0
1815,30.25,16.476,254,910,144,371.0
1816,30.266667,16.483,233,931,139,378.0
1817,30.283333,16.486,227,847,131,384.0
1818,30.3,16.492,235,715,116,390.0
1819,30.316667,16.486,228,692,117,398.0
1820,30.333333,16.491,223,584,115,406.0
1821,30.35,16.49,214,629,103,410.0
1822,30.366667,16.497,216,686,119,420.0
1823,30.383333,16.5,202,627,121,419.0
1824,30.4,16.505,210,548,98,424.0
1825,30.416667,16.507,186,530,89,426.0
1826,30.433333,16.503,204,489,56,432.0
1827,30.45,16.51,198,499,54,434.0
1828,30.466667,16.497,191,490,49,436.0
1829,30.483333,16.49,221,433,48,436.0
1830,30.5,16.481,206,452,46,438.0
1831,30.516667,16.463,195,416,40,442.0
1832,30.533333,16.467,181,430,44,444.0
1833,30.55,16.456,188,461,38,446.0
1834,30.566667,16.443,180,474,42,448.0
1835,30.583333,16.444,192,485,38,448.0
1836,30.6,16.432,191,490,37,448.0
1837,30.616667,16.439,194,455,34,450.0
1838,30.633333,16.432,200,463,33,450.0
1839,30.65,16.436,181,476,35,450.0
1840,30.666667,16.437,191,488,36,450.0
1841,30.683333,16.427,183,513,35,450.0
1842,30.7,16.441,188,506,42,448.0
1843,30.716667,16.441,185,513,47,446.0
1844,30.733333,16.45,187,551,37,444.0
1845,30.75,16.451,212,499,40,440.0
1846,30.766667,16.463,183,570,70,434.0
1847,30.783333,16.464,209,585,85,430.0
1848,30.8,16.474,201,547,74,426.0
1849,30.816667,16.483,184,485,75,418.0
1850,30.833333,16.479,185,552,95,414.0
1851,30.85,16.48,205,643,119,410.0
1852,30.866667,16.484,210,570,100,404.0
1853,30.883333,16.484,191,618,109,400.0
1854,30.9,16.493,185,642,109,396.0
1855,30.916667,16.5,216,678,119,390.0
1856,30.933333,16.499,243,707,124,388.0
1857,30.95,16.504,197,756,140,384.0
1858,30.966667,16.502,224,726,135,380.0
1859,30.983333,16.511,192,784,145,376.0
1860,31.0,16.528,204,938,196,372.0
1861,31.016667,16.504,224,901,173,370.0
1862,31.033333,16.493,212,948,189,366.0
1863,31.05,16.49,234,1016,171,362.0
1864,31.066667,16.477,252,1013,130,360.0
1865,31.083333,16.463,280,1057,146,358.0
1866,31.1,16.457,260,1110,148,356.0
1867,31.116667,16.451,274,1076,127,356.0
1868,31.133333,16.429,243,1068,121,354.0
1869,31.15,16.438,295,1069,138,354.0
1870,31.166667,16.43,307,1057,135,354.0
1871,31.183333,16.434,313,1065,150,354.0
1872,31.2,16.431,296,1051,137,356.0
1873,31.216667,16.436,323,1057,139,356.0
1874,31.233333,16.434,300,1123,226,358.0
1875,31.25,16.444,317,1148,174,358.0
1876,31.266667,16.445,297,1134,172,359.0
1877,31.283333,16.439,288,1140,166,360.0
1878,31.3,16.453,297,1067,167,360.0
1879,31.316667,16.455,287,1044,163,360.0
1880,31.333333,16.465,257,995,153,362.0
1881,31.35,16.467,287,905,173,362.0
1882,31.366667,16.472,301,913,165,362.0
1883,31.383333,16.481,296,817,115,362.0
1884,31.4,16.479,282,896,185,363.0
1885,31.416667,16.487,271,901,151,363.0
1886,31.433333,16.488,265,950,156,362.0
1887,31.45,16.488,284,983,158,362.0
1888,31.466667,16.492,277,938,158,362.0
1889,31.483333,16.494,293,940,160,362.0
1890,31.5,16.502,291,895,174,362.0
1891,31.516667,16.501,276,917,175,362.0
1892,31.533333,16.497,292,945,181,362.0
1893,31.55,16.501,289,971,213,362.0
1894,31.566667,16.496,307,855,139,362.0
1895,31.583333,16.493,318,848,140,362.0
1896,31.6,16.486,311,869,172,362.0
1897,31.616667,16.479,319,888,172,362.0
1898,31.633333,16.472,290,894,175,362.0
1899,31.65,16.454,288,867,172,362.0
1900,31.666667,16.45,302,1011,198,360.0
1901,31.683333,16.436,319,1039,201,360.0
1902,31.7,16.434,290,997,178,360.0
1903,31.716667,16.432,302,1031,178,360.0
1904,31.733333,16.435,288,1010,165,360.0
1905,31.75,16.432,290,1050,161,360.0
1906,31.766667,16.434,295,1081,165,359.0
1907,31.783333,16.437,291,1061,164,359.0
1908,31.8,16.433,301,1058,177,359.0
1909,31.816667,16.44,335,1112,244,359.0
1910,31.833333,16.446,338,992,194,359.0
1911,31.85,16.446,351,1036,237,360.0
1912,31.866667,16.462,334,1086,237,360.0
1913,31.883333,16.466,301,1012,210,360.0
1914,31.9,16.472,318,987,231,360.0
1915,31.916667,16.482,307,931,236,360.0
1916,31.933333,16.482,307,957,227,360.0
1917,31.95,16.48,314,934,240,360.0
1918,31.966667,16.488,341,943,251,360.0
1919,31.983333,16.49,315,948,242,360.0
1920,32.0,16.512,291,974,243,360.0
1921,32.016667,16.5,313,934,226,360.0
1922,32.033333,16.521,357,889,205,360.0
1923,32.05,16.507,357,935,233,360.0
1924,32.066667,16.511,333,848,207,360.0
1925,32.083333,16.518,332,855,187,360.0
1926,32.1,16.514,315,869,222,360.0
1927,32.116667,16.518,340,863,208,360.0
1928,32.133333,16.5,322,892,211,360.0
1929,32.15,16.496,339,890,204,360.0
1930,32.166667,16.481,309,929,232,360.0
1931,32.183333,16.475,303,936,227,360.0
1932,32.2,16.467,304,941,227,360.0
1933,32.216667,16.455,292,930,191,360.0
1934,32.233333,16.454,309,1073,243,360.0
1935,32.25,16.453,329,1110,224,360.0
1936,32.266667,16.442,329,987,188,360.0
1937,32.283333,16.443,302,956,186,360.0
1938,32.3,16.435,324,1007,222,360.0
1939,32.316667,16.439,320,961,231,360.0
1940,32.333333,16.447,313,942,197,360.0
1941,32.35,16.444,336,954,182,360.0
1942,32.366667,16.442,354,1016,211,360.0
1943,32.383333,16.452,347,1066,209,360.0
1944,32.4,16.45,349,1060,238,360.0
1945,32.416667,16.46,348,1099,239,360.0
1946,32.433333,16.462,356,1092,231,360.0
1947,32.45,16.474,335,1064,228,360.0
1948,32.466667,16.481,342,947,176,360.0
1949,32.483333,16.491,340,962,212,360.0
1950,32.5,16.486,342,892,186,360.0
1951,32.516667,16.489,346,879,177,360.0
1952,32.533333,16.491,362,850,179,360.0
1953,32.55,16.498,358,860,185,360.0
1954,32.566667,16.496,357,830,164,360.0
1955,32.583333,16.502,336,852,189,360.0
1956,32.6,16.505,334,908,183,360.0
1957,32.616667,16.507,321,866,166,360.0
1958,32.633333,16.513,310,911,222,360.0
1959,32.65,16.513,341,874,198,360.0
1960,32.666667,16.511,328,920,224,360.0
1961,32.683333,16.504,324,942,246,360.0
1962,32.7,16.494,332,866,211,360.0
1963,32.716667,16.489,317,860,218,360.0
1964,32.733333,16.476,324,818,173,360.0
1965,32.75,16.455,314,936,222,362.0
1966,32.766667,16.453,257,998,170,371.0
1967,32.783333,16.449,268,461,58,396.0
1968,32.8,16.442,189,692,77,423.0
1969,32.816667,16.439,5618,318,0,464.0
1970,32.833333,16.436,5621,86,0,537.0
1971,32.85,16.418,5691,45,0,544.0
1972,32.866667,16.413,5747,36,0,528.0
1973,32.883333,16.416,5634,47,0,554.0
1974,32.9,16.421,5702,92,0,578.0
1975,32.916667,16.421,6291,142,0,590.0
1976,32.933333,16.426,5944,71,0,546.0
1977,32.95,16.437,6176,242,0,542.0
1978,32.966667,16.452,6203,539,0,540.0
1979,32.983333,16.452,5545,545,0,542.0
1980,33.0,16.478,5314,595,0,542.0
1981,33.016667,16.451,5004,586,0,546.0
1982,33.033333,16.487,4502,481,0,554.0
1983,33.05,16.46,4148,393,0,560.0
1984,33.066667,16.458,3726,194,0,568.0
1985,33.083333,16.466,3078,119,0,574.0
1986,33.1,16.471,2921,18,0,582.0
1987,33.116667,16.392,2126,105,0,510.0
1988,33.133333,15.573,1550,73,0,560.0
1989,33.15,15.343,1115,65,0,604.0
1990,33.166667,20.033,809,40,0,638.0
1991,33.183333,25.193,491,30,0,660.0
1992,33.2,30.215,56,525,525,280.0
1993,33.216667,34.994,13,0,0,-1
1994,33.233333,36.45,387,194,194,280.0
1995,33.25,33.649,1046,1015,1015,281.0
1996,33.266667,33.708,1432,1865,1865,280.0
1997,33.283333,33.44,1853,4649,4649,280.0
1998,33.3,33.824,2020,6511,6511,280.0
1999,33.316667,35.163,2124,7404,7367,280.0
2000,33.333333,35.991,2113,8821,8205,280.0
2001,33.35,36.231,2124,9446,8262,280.0
2002,33.366667,34.235,2240,12791,11395,280.0
2003,33.383333,32.361,2248,15679,13284,280.0
2004,33.4,29.318,1983,18541,14909,280.0
2005,33.416667,28.447,1893,20065,15847,280.0
2006,33.433333,28.453,1677,20060,15872,280.0
2007,33.45,28.427,1649,19946,15807,280.0
2008,33.466667,28.416,1637,20042,15903,280.0
2009,33.483333,28.466,1647,20128,15967,280.0
2010,33.5,28.482,1605,20027,15909,280.0
2011,33.516667,28.445,1548,20027,15918,280.0
2012,33.533333,28.421,1505,20011,15883,280.0
2013,33.55,28.414,1508,20043,15935,280.0
2014,33.566667,28.409,1507,19984,15873,280.0
2015,33.583333,28.38,1439,20088,15897,280.0
2016,33.6,28.372,1454,20040,15865,280.0
2017,33.616667,28.345,1350,20160,16005,280.0
2018,33.633333,28.383,1351,20169,15989,280.0
2019,33.65,28.392,1365,20157,15988,280.0
2020,33.666667,28.422,1350,20295,16036,280.0
2021,33.683333,28.391,1344,20244,16004,280.0
2022,33.7,28.323,1365,20082,15892,280.0
2023,33.716667,28.289,1323,20048,15842,280.0
2024,33.733333,28.308,1304,20145,15886,280.0
2025,33.75,28.31,1320,20135,15896,280.0
2026,33.766667,28.28,1310,20210,15934,280.0
2027,33.783333,28.253,1283,20056,15884,280.0
2028,33.8,28.246,1289,20205,15924,280.0
2029,33.816667,28.23,1295,20069,15840,280.0
2030,33.833333,28.204,1330,19970,15805,280.0
2031,33.85,28.2,1354,20032,15868,280.0
2032,33.866667,28.187,1287,19999,15834,280.0
2033,33.883333,28.175,1294,20094,15842,280.0
2034,33.9,28.164,1279,20083,15825,280.0
2035,33.916667,28.155,1319,20130,15839,280.0
2036,33.933333,28.162,1292,20158,15871,280.0
2037,33.95,28.163,1302,20070,15810,280.0
2038,33.966667,28.145,1322,20058,15799,280.0
2039,33.983333,28.137,1371,20084,15814,280.0
2040,34.0,28.139,1372,20232,16028,280.0
2041,34.016667,28.125,1371,20398,16131,280.0
2042,34.033333,28.13,1338,20419,16135,280.0
2043,34.05,28.132,1332,20348,16116,280.0
2044,34.066667,28.137,1345,20402,16143,280.0
2045,34.083333,28.136,1329,20403,16149,280.0
2046,34.1,28.134,1328,20359,16176,280.0
2047,34.116667,28.13,1308,20377,16173,280.0
2048,34.133333,28.106,1308,20317,16056,280.0
2049,34.15,28.063,1313,20346,16090,280.0
2050,34.166667,28.043,1351,20200,15982,280.0
2051,34.183333,28.076,1340,20439,16200,280.0
2052,34.2,28.079,1372,20388,16147,280.0
2053,34.216667,28.047,1342,20457,16167,280.0
2054,34.233333,28.011,1331,20437,16188,280.0
2055,34.25,27.978,1329,20473,16204,280.0
2056,34.266667,28.008,1346,20360,16112,280.0
2057,34.283333,28.125,1328,20437,16130,280.0
2058,34.3,28.219,1336,20382,16066,280.0
2059,34.316667,28.31,1350,20434,16113,280.0
2060,34.333333,28.308,1346,20367,16131,280.0
2061,34.35,28.25,1379,20326,16062,280.0
2062,34.366667,28.244,1391,20548,16289,280.0
2063,34.383333,28.24,1365,20505,16241,280.0
2064,34.4,28.249,1385,20522,16181,280.0
2065,34.416667,28.255,1363,20488,16185,280.0
2066,34.433333,28.24,1341,20533,16195,280.0
2067,34.45,28.25,1339,20658,16353,280.0
2068,34.466667,28.246,1350,20634,16363,280.0
2069,34.483333,28.25,1345,20683,16350,280.0
2070,34.5,28.26,1333,20581,16267,280.0
2071,34.516667,28.25,1353,20617,16313,280.0
2072,34.533333,28.243,1301,20695,16347,280.0
2073,34.55,28.254,1365,20545,16231,280.0
2074,34.566667,28.249,1375,20472,16179,280.0
2075,34.583333,28.251,1377,20415,16154,280.0
2076,34.6,28.251,1318,20543,16260,280.0
2077,34.616667,28.233,1328,20625,16374,280.0
2078,34.633333,28.233,1288,20624,16363,280.0
2079,34.65,28.195,1287,20614,16352,280.0
2080,34.666667,28.195,1292,20616,16352,280.0
2081,34.683333,28.193,1281,20543,16287,280.0
2082,34.7,28.196,1284,20547,16280,280.0
2083,34.716667,28.199,1285,20557,16305,280.0
2084,34.733333,28.198,1290,20528,16253,280.0
2085,34.75,28.198,1309,20526,16279,280.0
2086,34.766667,28.196,1315,20503,16264,280.0
2087,34.783333,28.199,1289,20448,16236,280.0
2088,34.8,28.2,1286,20430,16188,280.0
2089,34.816667,28.202,1286,20395,16144,280.0
2090,34.833333,28.204,1296,20399,16176,280.0
2091,34.85,28.206,1296,20403,16173,280.0
2092,34.866667,28.347,1309,20609,16295,280.0
2093,34.883333,28.306,1310,20620,16316,280.0
2094,34.9,28.273,1306,20579,16278,280.0
2095,34.916667,28.261,1304,20580,16256,280.0
2096,34.933333,28.392,1556,20708,16396,280.0
2097,34.95,28.363,1541,20672,16343,280.0
2098,34.966667,28.353,1526,20678,16353,280.0
2099,34.983333,28.35,1526,20694,16370,280.0
2100,35.0,28.228,1559,20137,15910,280.0
2101,35.016667,28.225,1575,20359,16078,280.0
2102,35.033333,28.225,1562,20227,16013,280.0
2103,35.05,28.228,1551,20395,16137,280.0
2104,35.066667,28.225,1539,20181,16017,280.0
2105,35.083333,28.227,1561,20373,16128,280.0
2106,35.1,28.234,1571,20298,16091,280.0
2107,35.116667,28.23,1663,20321,16127,280.0
2108,35.133333,28.229,1644,20385,16117,280.0
2109,35.15,28.175,1626,20945,16460,280.0
2110,35.166667,27.937,1577,21525,16818,280.0
2111,35.183333,27.78,1669,21815,17179,280.0
2112,35.2,27.607,1607,22537,17696,280.0
2113,35.216667,27.442,1690,22882,17851,280.0
2114,35.233333,27.382,1455,23090,17956,280.0
2115,35.25,27.936,2517,22740,17543,280.0
2116,35.266667,28.778,2654,21162,15538,280.0
2117,35.283333,30.057,3552,18484,13904,280.0
2118,35.3,31.746,3704,17344,13636,280.0
2119,35.316667,33.257,3013,16221,13449,280.0
2120,35.333333,34.933,2509,14102,12489,280.0
2121,35.35,36.341,2202,11541,10344,280.0
2122,35.366667,36.688,2050,9963,8917,280.0
2123,35.383333,36.196,1796,9272,8558,280.0
2124,35.4,35.394,1651,8152,7947,280.0
2125,35.416667,34.379,1458,7722,7722,280.0
2126,35.433333,33.553,1251,5627,5627,280.0
2127,35.45,33.158,886,3016,3016,280.0
2128,35.466667,33.793,738,917,901,280.0
2129,35.483333,33.789,452,644,644,280.0
2130,35.5,35.828,435,222,222,280.0
2131,35.516667,37.187,361,3,3,356.0
2132,35.533333,34.036,359,21,21,306.0
2133,35.55,30.073,301,0,0,-1
2134,35.566667,25.692,234,0,0,-1
2135,35.583333,21.562,234,0,0,-1
2136,35.6,20.844,232,0,0,-1
2137,35.616667,15.305,232,0,0,-1
2138,35.633333,15.566,232,0,0,-1
2139,35.65,16.143,232,0,0,-1
2140,35.666667,16.268,232,0,0,-1
2141,35.683333,16.283,232,0,0,-1
2142,35.7,16.287,231,0,0,-1
2143,35.716667,16.303,231,0,0,-1
2144,35.733333,16.317,230,0,0,-1
2145,35.75,16.32,229,0,0,-1
2146,35.766667,16.338,229,0,0,-1
2147,35.783333,16.341,229,0,0,-1
2148,35.8,16.346,229,0,0,-1
2149,35.816667,16.347,229,0,0,-1
2150,35.833333,16.351,229,0,0,-1
2151,35.85,16.354,229,0,0,-1
2152,35.866667,16.354,229,0,0,-1
2153,35.883333,16.361,229,0,0,-1
2154,35.9,16.364,229,0,0,-1
2155,35.916667,16.364,229,0,0,-1
2156,35.933333,16.368,229,0,0,-1
2157,35.95,16.366,229,0,0,-1
2158,35.966667,16.373,229,0,0,-1
2159,35.983333,16.375,229,0,0,-1
2160,36.0,16.385,227,0,0,-1
2161,36.016667,16.37,227,0,0,-1
2162,36.033333,16.371,227,0,0,-1
2163,36.05,16.342,227,0,0,-1
2164,36.066667,16.352,227,0,0,-1
2165,36.083333,16.321,227,0,0,-1
2166,36.1,16.315,227,0,0,-1
2167,36.116667,16.312,227,0,0,-1
2168,36.133333,16.306,227,0,0,-1
2169,36.15,16.306,227,0,0,-1
2170,36.166667,16.297,227,0,0,-1
2171,36.183333,16.284,227,0,0,-1
2172,36.2,16.278,227,0,0,-1
2173,36.216667,16.28,227,0,0,-1
2174,36.233333,16.283,227,0,0,-1
2175,36.25,16.29,227,0,0,-1
2176,36.266667,16.29,227,0,0,-1
2177,36.283333,16.299,227,0,0,-1
2178,36.3,16.304,227,0,0,-1
2179,36.316667,16.316,227,0,0,-1
2180,36.333333,16.325,227,0,0,-1
2181,36.35,16.332,227,0,0,-1
2182,36.366667,16.341,227,0,0,-1
2183,36.383333,16.34,227,0,0,-1
2184,36.4,16.36,227,0,0,-1
2185,36.416667,16.361,227,0,0,-1
2186,36.433333,16.365,227,0,0,-1
2187,36.45,16.374,227,0,0,-1
2188,36.466667,16.414,227,0,0,-1
2189,36.483333,16.453,227,0,0,-1
2190,36.5,16.461,227,0,0,-1
2191,36.516667,16.459,227,0,0,-1
2192,36.533333,16.448,227,0,0,-1
2193,36.55,16.449,227,0,0,-1
2194,36.566667,16.426,227,0,0,-1
2195,36.583333,16.413,227,0,0,-1
2196,36.6,16.407,227,0,0,-1
2197,36.616667,16.394,227,0,0,-1
2198,36.633333,16.375,227,0,0,-1
2199,36.65,16.375,227,0,0,-1
2200,36.666667,16.372,227,0,0,-1
2201,36.683333,16.373,227,0,0,-1
2202,36.7,16.37,232,0,0,-1
2203,36.716667,16.352,227,0,0,-1
2204,36.733333,16.353,230,0,0,-1
2205,36.75,16.374,243,0,0,-1
2206,36.766667,16.35,244,0,0,-1
2207,36.783333,16.369,234,0,0,-1
2208,36.8,16.38,247,0,0,-1
2209,36.816667,16.364,263,0,0,-1
2210,36.833333,16.387,249,0,0,-1
2211,36.85,16.407,272,0,0,-1
2212,36.866667,16.427,311,0,0,-1
2213,36.883333,16.398,307,0,0,-1
2214,36.9,16.39,247,10,0,640.0
2215,36.916667,16.423,368,15,0,589.0
2216,36.933333,16.468,641,479,0,604.0
2217,36.95,16.478,689,514,0,586.0
2218,36.966667,16.471,664,564,0,570.0
2219,36.983333,16.459,601,708,0,556.0
2220,37.0,16.43,484,746,3,548.0
2221,37.016667,16.465,309,792,0,542.0
2222,37.033333,16.458,282,788,0,538.0
2223,37.05,16.451,230,763,0,536.0
2224,37.066667,16.502,226,749,0,533.0
2225,37.083333,16.474,204,725,0,532.0
2226,37.1,16.477,158,840,0,528.0
2227,37.116667,16.466,138,851,0,522.0
2228,37.133333,16.459,154,855,0,512.0
2229,37.15,16.447,138,828,0,503.0
2230,37.166667,16.442,118,801,0,482.0
2231,37.183333,16.428,167,796,0,460.0
2232,37.2,16.42,149,751,33,440.0
2233,37.216667,16.41,85,866,140,382.0
2234,37.233333,16.405,143,943,167,370.0
2235,37.25,16.387,114,912,170,370.0
2236,37.266667,16.379,96,900,171,370.0
2237,37.283333,16.365,96,824,149,369.0
2238,37.3,16.389,149,857,151,369.0
2239,37.316667,16.387,151,848,153,370.0
2240,37.333333,16.399,151,821,156,372.0
2241,37.35,16.396,175,850,165,372.0
2242,37.366667,16.395,150,890,161,372.0
2243,37.383333,16.397,177,847,132,372.0
2244,37.4,16.405,222,925,157,372.0
2245,37.416667,16.416,199,948,161,372.0
2246,37.433333,16.421,188,927,147,370.0
2247,37.45,16.419,199,996,90,368.0
2248,37.466667,16.428,424,903,105,368.0
2249,37.483333,16.444,406,974,119,372.0
2250,37.5,16.441,649,821,149,368.0
2251,37.516667,16.445,1690,678,81,364.0
2252,37.533333,16.454,2289,629,110,363.0
2253,37.55,16.444,3340,662,155,362.0
2254,37.566667,16.46,3866,509,164,360.0
2255,37.583333,16.469,4539,450,148,360.0
2256,37.6,16.457,4967,411,143,360.0
2257,37.616667,16.461,5156,444,155,360.0
2258,37.633333,16.475,5594,440,169,359.0
2259,37.65,16.478,5659,393,143,358.0
2260,37.666667,16.462,5744,432,191,358.0
2261,37.683333,16.47,5899,356,166,358.0
2262,37.7,16.463,6042,402,196,360.0
2263,37.716667,16.456,6216,484,268,358.0
2264,37.733333,16.458,6235,348,158,359.0
2265,37.75,16.448,6429,382,136,360.0
2266,37.766667,16.433,6390,297,72,428.0
2267,37.783333,16.411,6232,423,180,358.0
2268,37.8,16.394,6022,522,244,360.0
2269,37.816667,16.404,5876,495,214,359.0
2270,37.833333,16.398,5643,424,152,359.0
2271,37.85,16.384,5139,421,205,358.0
2272,37.866667,16.399,5388,434,194,360.0
2273,37.883333,16.397,4588,419,194,360.0
2274,37.9,16.387,4136,477,260,360.0
2275,37.916667,16.395,3762,375,181,359.0
2276,37.933333,16.412,3543,391,167,358.0
2277,37.95,16.417,3417,430,188,360.0
2278,37.966667,16.429,3113,445,191,358.0
2279,37.983333,16.427,3242,489,206,358.0
2280,38.0,16.457,3182,596,235,358.0
2281,38.016667,16.451,3093,582,208,358.0
2282,38.033333,16.429,2933,625,265,358.0
2283,38.05,16.429,2872,634,227,358.0
2284,38.066667,16.432,2318,578,215,359.0
2285,38.083333,16.439,1984,738,278,359.0
2286,38.1,16.443,1932,643,191,359.0
2287,38.116667,16.447,1871,649,192,358.0
2288,38.133333,16.454,1805,827,186,360.0
2289,38.15,16.456,1666,975,178,360.0
2290,38.166667,16.462,1641,1197,226,358.0
2291,38.183333,16.465,1397,1083,254,360.0
2292,38.2,16.456,1314,868,177,358.0
2293,38.216667,16.462,1133,751,208,358.0
2294,38.233333,16.461,1132,573,137,358.0
2295,38.25,16.443,1098,678,191,360.0
2296,38.266667,16.435,1001,706,238,360.0
2297,38.283333,16.431,915,580,146,359.0
2298,38.3,16.421,862,525,105,359.0
2299,38.316667,16.404,757,714,189,360.0
2300,38.333333,16.398,729,903,167,360.0
2301,38.35,16.392,664,1092,224,360.0
2302,38.366667,16.382,626,1267,210,360.0
2303,38.383333,16.38,557,1565,226,358.0
2304,38.4,16.385,595,1334,154,359.0
2305,38.416667,16.395,559,1742,113,360.0
2306,38.433333,16.393,470,1722,186,360.0
2307,38.45,16.388,437,2113,179,360.0
2308,38.466667,16.391,524,1927,170,360.0
2309,38.483333,16.396,432,1970,114,359.0
2310,38.5,16.406,368,2030,173,360.0
2311,38.516667,16.413,283,1781,144,360.0
2312,38.533333,16.421,353,1895,200,360.0
2313,38.55,16.437,306,1631,233,360.0
2314,38.566667,16.453,276,1743,215,358.0
2315,38.583333,16.438,296,1516,171,358.0
2316,38.6,16.444,287,1573,154,360.0
2317,38.616667,16.446,300,1713,187,360.0
2318,38.633333,16.461,248,1626,230,358.0
2319,38.65,16.456,299,1731,238,360.0
2320,38.666667,16.462,322,1555,156,359.0
2321,38.683333,16.466,301,1605,190,360.0
2322,38.7,16.472,336,1551,210,360.0
2323,38.716667,16.473,382,1658,238,358.0
2324,38.733333,16.482,416,1560,261,358.0
2325,38.75,16.484,305,1651,259,358.0
2326,38.766667,16.476,397,1547,209,358.0
2327,38.783333,16.487,446,1552,216,358.0
2328,38.8,16.471,382,1369,223,358.0
2329,38.816667,16.462,381,1226,236,358.0
2330,38.833333,16.456,423,1253,249,358.0
2331,38.85,16.449,391,809,182,358.0
2332,38.866667,16.43,298,824,207,360.0
2333,38.883333,16.429,346,785,186,360.0
2334,38.9,16.413,332,783,227,358.0
2335,38.916667,16.413,306,779,244,358.0
2336,38.933333,16.414,260,728,239,358.0
2337,38.95,16.407,289,685,187,358.0
2338,38.966667,16.408,290,838,202,358.0
2339,38.983333,16.394,328,966,208,358.0
2340,39.0,16.429,294,903,230,358.0
2341,39.016667,16.401,288,914,214,360.0
2342,39.033333,16.429,291,860,194,358.0
2343,39.05,16.408,310,874,213,360.0
2344,39.066667,16.416,297,881,196,360.0
2345,39.083333,16.427,319,891,231,358.0
2346,39.1,16.434,310,922,240,358.0
2347,39.116667,16.441,291,970,244,358.0
2348,39.133333,16.452,316,928,238,359.0
2349,39.15,16.458,307,912,192,358.0
2350,39.166667,16.449,348,938,207,358.0
2351,39.183333,16.458,317,971,244,358.0
2352,39.2,16.471,318,913,191,358.0
2353,39.216667,16.474,320,861,183,358.0
2354,39.233333,16.469,316,850,198,358.0
2355,39.25,16.475,325,891,201,358.0
2356,39.266667,16.475,343,955,240,358.0
2357,39.283333,16.476,349,948,233,360.0
2358,39.3,16.484,323,925,237,358.0
2359,39.316667,16.488,318,921,241,360.0
2360,39.333333,16.484,334,872,184,360.0
2361,39.35,16.474,335,886,205,360.0
2362,39.366667,16.463,311,907,229,358.0
2363,39.383333,16.459,314,926,212,358.0
2364,39.4,16.446,336,883,187,360.0
2365,39.416667,16.431,317,920,207,360.0
2366,39.433333,16.428,301,906,222,358.0
2367,39.45,16.422,302,938,238,358.0
2368,39.466667,16.417,311,952,242,358.0
2369,39.483333,16.405,275,1042,256,358.0
2370,39.5,16.413,321,961,206,358.0
2371,39.516667,16.396,302,991,194,360.0
2372,39.533333,16.391,320,1036,209,360.0
2373,39.55,16.394,297,1014,223,358.0
2374,39.566667,16.392,312,1038,229,358.0
2375,39.583333,16.403,304,999,174,358.0
2376,39.6,16.406,320,1025,211,360.0
2377,39.616667,16.413,307,1062,217,360.0
2378,39.633333,16.423,301,1114,232,360.0
2379,39.65,16.436,299,1046,228,360.0
2380,39.666667,16.44,305,1066,234,359.0
2381,39.683333,16.447,305,932,156,358.0
2382,39.7,16.454,314,918,153,358.0
2383,39.716667,16.457,334,996,189,360.0
2384,39.733333,16.464,354,979,214,358.0
2385,39.75,16.464,349,954,228,358.0
2386,39.766667,16.47,307,797,168,358.0
2387,39.783333,16.465,339,872,208,360.0
2388,39.8,16.474,320,920,202,360.0
2389,39.816667,16.478,301,961,234,358.0
2390,39.833333,16.482,332,906,233,358.0
2391,39.85,16.48,296,891,230,358.0
2392,39.866667,16.489,314,900,176,358.0
2393,39.883333,16.478,288,797,168,360.0
2394,39.9,16.474,333,884,192,360.0
2395,39.916667,16.468,324,875,191,360.0
2396,39.933333,16.455,314,895,174,360.0
2397,39.95,16.444,311,906,160,358.0
2398,39.966667,16.443,311,942,192,360.0
2399,39.983333,16.43,310,920,201,358.0
2400,40.0,16.433,284,1037,242,358.0
2401,40.016667,16.42,329,1025,236,358.0
2402,40.033333,16.398,298,1035,246,358.0
2403,40.05,16.418,327,1054,233,359.0
2404,40.066667,16.401,350,1005,195,360.0
2405,40.083333,16.394,340,1002,192,360.0
2406,40.1,16.4,354,1059,233,358.0
2407,40.116667,16.407,345,1058,186,358.0
2408,40.133333,16.406,371,1097,190,358.0
2409,40.15,16.413,359,1089,191,358.0
2410,40.166667,16.411,352,1063,193,358.0
2411,40.183333,16.416,341,1042,237,358.0
2412,40.2,16.429,354,1019,212,360.0
2413,40.216667,16.43,352,995,204,359.0
2414,40.233333,16.437,328,966,234,359.0
2415,40.25,16.45,358,942,200,360.0
2416,40.266667,16.449,340,951,201,358.0
2417,40.283333,16.456,336,914,227,360.0
2418,40.3,16.464,334,964,237,358.0
2419,40.316667,16.459,343,911,182,359.0
2420,40.333333,16.465,344,932,197,360.0
2421,40.35,16.468,344,979,202,358.0
2422,40.366667,16.475,328,953,230,360.0
2423,40.383333,16.476,319,975,243,359.0
2424,40.4,16.473,304,882,176,359.0
2425,40.416667,16.474,315,951,214,360.0
2426,40.433333,16.478,271,792,113,365.0
2427,40.45,16.47,228,842,140,370.0
2428,40.466667,16.468,221,846,138,376.0
2429,40.483333,16.463,210,793,131,380.0
2430,40.5,16.452,217,679,114,388.0
2431,40.516667,16.444,218,637,119,394.0
2432,40.533333,16.436,213,605,121,398.0
2433,40.55,16.422,178,605,109,408.0
2434,40.566667,16.422,213,616,88,414.0
2435,40.583333,16.413,197,751,103,419.0
2436,40.6,16.402,201,747,107,424.0
2437,40.616667,16.401,207,744,89,428.0
2438,40.633333,16.403,210,680,85,432.0
2439,40.65,16.398,162,668,56,432.0
2440,40.666667,16.406,170,614,54,434.0
2441,40.683333,16.402,155,557,49,436.0
2442,40.7,16.412,159,530,41,440.0
2443,40.716667,16.414,176,536,39,441.0
2444,40.733333,16.428,144,511,36,442.0
2445,40.75,16.438,158,525,47,444.0
2446,40.766667,16.439,184,535,44,446.0
2447,40.783333,16.457,147,502,39,448.0
2448,40.8,16.45,178,489,39,448.0
2449,40.816667,16.459,188,492,36,448.0
2450,40.833333,16.469,175,471,35,448.0
2451,40.85,16.468,156,463,31,450.0
2452,40.866667,16.468,175,457,35,450.0
2453,40.883333,16.472,165,454,35,450.0
2454,40.9,16.465,169,463,42,448.0
2455,40.916667,16.475,149,458,42,446.0
2456,40.933333,16.467,167,406,41,444.0
2457,40.95,16.472,139,457,41,440.0
2458,40.966667,16.478,166,498,51,436.0
2459,40.983333,16.478,163,540,69,432.0
2460,41.0,16.507,178,554,65,428.0
2461,41.016667,16.485,171,625,72,420.0
2462,41.033333,16.493,184,610,75,416.0
2463,41.05,16.469,180,604,118,412.0
2464,41.066667,16.463,190,652,115,406.0
2465,41.083333,16.436,206,646,110,400.0
2466,41.1,16.424,224,743,113,398.0
2467,41.116667,16.425,256,655,112,392.0
2468,41.133333,16.412,207,680,135,388.0
2469,41.15,16.411,249,708,127,386.0
2470,41.166667,16.402,244,775,128,382.0
2471,41.183333,16.394,249,870,137,378.0
2472,41.2,16.398,233,933,142,376.0
2473,41.216667,16.4,244,953,151,370.0
2474,41.233333,16.402,240,1020,161,368.0
2475,41.25,16.401,248,1043,174,364.0
2476,41.266667,16.405,243,1028,143,360.0
2477,41.283333,16.413,274,1018,122,358.0
2478,41.3,16.419,303,1055,127,358.0
2479,41.316667,16.431,313,1084,122,354.0
2480,41.333333,16.435,328,1077,126,354.0
2481,41.35,16.438,315,1079,131,354.0
2482,41.366667,16.452,325,1029,129,354.0
2483,41.383333,16.455,346,956,122,354.0
2484,41.4,16.46,320,911,143,354.0
2485,41.416667,16.462,329,970,134,354.0
2486,41.433333,16.459,289,1028,209,356.0
2487,41.45,16.469,284,1003,229,356.0
2488,41.466667,16.471,296,1021,171,358.0
2489,41.483333,16.473,273,972,171,358.0
2490,41.5,16.473,276,937,166,360.0
2491,41.516667,16.475,271,943,166,360.0
2492,41.533333,16.477,295,917,161,360.0
2493,41.55,16.465,313,904,158,362.0
2494,41.566667,16.461,318,827,164,362.0
2495,41.583333,16.456,322,919,188,362.0
2496,41.6,16.443,303,883,175,362.0
2497,41.616667,16.438,260,902,151,362.0
2498,41.633333,16.427,265,925,158,362.0
2499,41.65,16.414,233,947,158,362.0
2500,41.666667,16.416,225,952,157,362.0
2501,41.683333,16.405,232,1022,174,362.0
2502,41.7,16.407,234,961,167,362.0
2503,41.716667,16.404,246,986,169,362.0
2504,41.733333,16.4,267,978,182,362.0
2505,41.75,16.408,262,998,188,362.0
2506,41.766667,16.398,284,1030,180,362.0
2507,41.783333,16.405,299,969,151,362.0
2508,41.8,16.407,286,1032,177,362.0
2509,41.816667,16.409,297,1015,175,361.0
2510,41.833333,16.415,307,1036,171,360.0
2511,41.85,16.423,297,1107,173,360.0
2512,41.866667,16.431,312,1096,170,360.0
2513,41.883333,16.444,334,1144,212,360.0
2514,41.9,16.442,338,1142,200,360.0
2515,41.916667,16.45,316,1088,181,360.0
2516,41.933333,16.452,314,994,165,360.0
2517,41.95,16.453,278,997,168,360.0
2518,41.966667,16.451,278,908,165,359.0
2519,41.983333,16.456,283,972,168,358.0
2520,42.0,16.485,263,969,169,358.0
2521,42.016667,16.461,303,953,213,358.0
2522,42.033333,16.485,299,945,231,359.0
2523,42.05,16.465,286,994,235,359.0
2524,42.066667,16.501,306,932,236,358.0
2525,42.083333,16.472,296,954,236,358.0
2526,42.1,16.467,320,927,231,358.0
2527,42.116667,16.46,343,867,225,360.0
2528,42.133333,16.461,316,912,240,360.0
2529,42.15,16.457,329,890,233,358.0
2530,42.166667,16.442,318,881,239,360.0
2531,42.183333,16.441,345,913,248,358.0
2532,42.2,16.427,314,931,255,359.0
2533,42.216667,16.423,320,913,191,360.0
2534,42.233333,16.416,335,974,205,360.0
2535,42.25,16.415,321,985,241,358.0
2536,42.266667,16.409,347,984,218,358.0
2537,42.283333,16.404,335,1004,211,358.0
2538,42.3,16.403,337,1018,208,360.0
2539,42.316667,16.401,332,1009,211,360.0
2540,42.333333,16.404,313,1046,205,362.0
2541,42.35,16.407,276,998,156,368.0
2542,42.366667,16.413,269,914,142,368.0
2543,42.383333,16.42,227,876,143,376.0
2544,42.4,16.427,228,794,127,384.0
2545,42.416667,16.43,215,740,121,390.0
2546,42.433333,16.441,226,629,115,396.0
2547,42.45,16.445,197,642,105,404.0
2548,42.466667,16.454,216,649,121,410.0
2549,42.483333,16.455,221,599,76,416.0
2550,42.5,16.459,183,552,73,434.0
2551,42.516667,16.461,193,559,75,426.0
2552,42.533333,16.462,208,525,61,430.0
2553,42.55,16.461,199,549,58,432.0
2554,42.566667,16.46,170,501,56,432.0
2555,42.583333,16.466,164,501,52,434.0
2556,42.6,16.467,164,503,51,436.0
2557,42.616667,16.469,166,498,50,438.0
2558,42.633333,16.473,184,474,38,442.0
2559,42.65,16.483,172,448,43,444.0
2560,42.666667,16.479,178,463,45,444.0
2561,42.683333,16.472,189,497,44,446.0
2562,42.7,16.467,193,508,45,448.0
2563,42.716667,16.458,203,496,43,448.0
2564,42.733333,16.449,203,496,40,448.0
2565,42.75,16.436,202,491,37,448.0
2566,42.766667,16.426,199,487,34,449.0
2567,42.783333,16.42,191,518,33,449.0
2568,42.8,16.413,189,490,32,448.0
2569,42.816667,16.412,195,485,27,448.0
2570,42.833333,16.412,203,505,51,446.0
2571,42.85,16.408,201,526,41,443.0
2572,42.866667,16.409,193,580,44,438.0
2573,42.883333,16.405,190,633,54,434.0
2574,42.9,16.414,203,681,52,432.0
2575,42.916667,16.418,186,670,74,424.0
2576,42.933333,16.415,215,693,73,420.0
2577,42.95,16.42,200,736,74,416.0
2578,42.966667,16.431,231,717,115,408.0
2579,42.983333,16.437,218,688,135,404.0
2580,43.0,16.461,225,602,109,398.0
2581,43.016667,16.456,237,697,115,394.0
2582,43.033333,16.454,247,693,120,390.0
2583,43.05,16.465,232,702,136,386.0
2584,43.066667,16.466,246,731,141,383.0
2585,43.083333,16.465,258,824,134,380.0
2586,43.1,16.467,222,881,138,376.0
2587,43.116667,16.468,239,911,166,372.0
2588,43.133333,16.469,231,956,171,368.0
2589,43.15,16.47,260,972,197,366.0
2590,43.166667,16.476,247,1016,196,362.0
2591,43.183333,16.476,264,997,165,361.0
2592,43.2,16.485,310,1001,144,358.0
2593,43.216667,16.485,309,971,166,356.0
2594,43.233333,16.482,331,993,162,354.0
2595,43.25,16.468,349,986,152,354.0
2596,43.266667,16.466,329,992,154,354.0
2597,43.283333,16.45,324,986,149,354.0
2598,43.3,16.448,332,999,156,354.0
2599,43.316667,16.439,297,998,159,354.0
2600,43.333333,16.425,308,1040,146,356.0
2601,43.35,16.415,279,1105,236,356.0
2602,43.366667,16.413,276,1035,200,356.0
2603,43.383333,16.404,262,1076,190,358.0
2604,43.4,16.402,271,1053,173,360.0
2605,43.416667,16.405,293,1067,161,360.0
2606,43.433333,16.404,265,1082,167,360.0
2607,43.45,16.413,258,992,149,360.0
2608,43.466667,16.406,244,1041,144,362.0
2609,43.483333,16.411,282,1024,172,362.0
2610,43.5,16.411,267,1020,189,364.0
2611,43.516667,16.426,263,1006,167,362.0
2612,43.533333,16.429,249,1026,161,362.0
2613,43.55,16.43,237,990,161,362.0
2614,43.566667,16.447,253,1029,160,362.0
2615,43.583333,16.442,263,973,160,362.0
2616,43.6,16.444,258,952,161,362.0
2617,43.616667,16.449,271,933,159,362.0
2618,43.633333,16.458,263,960,179,362.0
2619,43.65,16.459,265,955,189,362.0
2620,43.666667,16.462,307,968,207,362.0
2621,43.683333,16.471,317,922,171,362.0
2622,43.7,16.472,276,919,156,362.0
2623,43.716667,16.473,272,944,164,362.0
2624,43.733333,16.479,283,949,165,362.0
2625,43.75,16.475,302,942,170,360.0
2626,43.766667,16.478,287,922,168,360.0
2627,43.783333,16.475,280,926,168,360.0
2628,43.8,16.467,281,920,196,360.0
2629,43.816667,16.463,248,813,161,364.0
2630,43.833333,16.444,219,987,201,374.0
2631,43.85,16.439,247,625,180,404.0
2632,43.866667,16.428,5641,676,108,432.0
2633,43.883333,16.415,5760,328,0,464.0
2634,43.9,16.415,5596,212,0,482.0
2635,43.916667,16.415,5463,152,0,520.0
2636,43.933333,16.4,5667,21,0,537.0
2637,43.95,16.403,5960,136,0,561.0
2638,43.966667,16.398,5612,130,0,547.0
2639,43.983333,16.403,6230,71,0,549.0
2640,44.0,16.433,6644,156,0,542.0
2641,44.016667,16.425,6389,182,0,542.0
2642,44.033333,16.432,6064,328,0,540.0
2643,44.05,16.422,5271,264,0,538.0
2644,44.066667,16.419,5119,397,0,538.0
2645,44.083333,16.442,4839,397,0,542.0
2646,44.1,16.447,4357,183,0,550.0
2647,44.116667,16.447,4032,79,0,560.0
2648,44.133333,16.456,3752,79,0,560.0
2649,44.15,16.458,2980,75,0,636.0
2650,44.166667,16.448,2772,37,0,638.0
2651,44.183333,16.364,2439,105,0,504.0
2652,44.2,15.885,1780,98,0,544.0
2653,44.216667,15.028,1229,76,0,586.0
2654,44.233333,18.669,870,49,0,636.0
2655,44.25,23.409,486,22,0,655.0
2656,44.266667,29.567,9,828,828,280.0
2657,44.283333,34.485,17,0,0,-1
2658,44.3,36.466,20,129,129,280.0
2659,44.316667,33.639,985,964,964,280.0
2660,44.333333,32.949,1362,3312,3312,280.0
2661,44.35,33.391,1762,6125,6125,280.0
2662,44.366667,34.767,1951,7300,7300,280.0
2663,44.383333,35.769,2091,8144,7588,280.0
2664,44.4,36.395,2204,9081,8034,280.0
2665,44.416667,35.508,2412,11818,10553,280.0
2666,44.433333,33.177,2391,15484,13114,280.0
2667,44.45,31.952,2409,17225,13908,280.0
2668,44.466667,28.534,2195,20698,16118,280.0
2669,44.483333,27.36,1984,23001,17994,280.0
2670,44.5,27.361,1772,23067,18041,280.0
2671,44.516667,27.374,1746,23010,17984,280.0
2672,44.533333,27.37,1733,22984,17960,280.0
2673,44.55,27.439,1739,23077,18056,280.0
2674,44.566667,27.416,1743,23067,18058,280.0
2675,44.583333,27.394,1730,23053,18038,280.0
2676,44.6,27.392,1723,23082,18098,280.0
2677,44.616667,27.382,1740,23093,18106,280.0
2678,44.633333,27.34,1574,22972,18026,280.0
2679,44.65,27.334,1565,22784,17850,280.0
2680,44.666667,27.328,1561,22787,17843,280.0
2681,44.683333,27.353,1563,22796,17838,280.0
2682,44.7,27.353,1559,22781,17835,280.0
2683,44.716667,27.355,1546,22704,17755,280.0
2684,44.733333,27.349,1544,22662,17716,280.0
2685,44.75,27.301,1425,22558,17586,280.0
2686,44.766667,27.274,1414,22708,17745,280.0
2687,44.783333,27.261,1427,22680,17708,280.0
2688,44.8,27.269,1452,22736,17727,280.0
2689,44.816667,27.283,1407,22700,17674,280.0
2690,44.833333,27.249,1392,22603,17583,280.0
2691,44.85,27.231,1387,22720,17663,280.0
2692,44.866667,27.204,1383,22715,17594,280.0
2693,44.883333,27.192,1380,22636,17561,280.0
2694,44.9,27.181,1376,22477,17452,280.0
2695,44.916667,27.168,1373,22493,17438,280.0
2696,44.933333,27.153,1364,22309,17341,280.0
2697,44.95,27.147,1374,22340,17303,280.0
2698,44.966667,27.126,1370,22386,17356,280.0
2699,44.983333,27.125,1378,22285,17255,280.0
2700,45.0,27.11,1436,22923,17944,280.0
2701,45.016667,27.101,1458,22833,17879,280.0
2702,45.033333,27.076,1456,22832,17863,280.0
2703,45.05,27.087,1476,22858,17932,280.0
2704,45.066667,27.086,1469,22968,17939,280.0
2705,45.083333,27.081,1450,22874,17859,280.0
2706,45.1,27.084,1415,22964,17923,280.0
2707,45.116667,27.08,1441,23000,17935,280.0
2708,45.133333,27.093,1409,23123,17986,280.0
2709,45.15,27.089,1424,23020,17958,280.0
2710,45.166667,27.089,1396,22947,17926,280.0
2711,45.183333,27.084,1412,23198,18037,280.0
2712,45.2,27.073,1451,23151,18017,280.0
2713,45.216667,27.039,1476,23182,17953,280.0
2714,45.233333,27.063,1481,23122,17988,280.0
2715,45.25,27.066,1487,23171,18028,280.0
2716,45.266667,27.044,1443,23154,18045,280.0
2717,45.283333,27.01,1444,22861,17784,280.0
2718,45.3,26.965,1443,23066,17937,280.0
2719,45.316667,26.947,1439,22899,17885,280.0
2720,45.333333,27.01,1443,22976,17955,280.0
2721,45.35,27.099,1424,22990,17898,280.0
2722,45.366667,27.207,1427,22667,17657,280.0
2723,45.383333,27.27,1463,23021,17905,280.0
2724,45.4,27.273,1374,22821,17723,280.0
2725,45.416667,27.164,1407,23040,17928,280.0
2726,45.433333,27.159,1407,23036,18009,280.0
2727,45.45,27.161,1414,23157,18045,280.0
2728,45.466667,27.164,1400,23180,18102,280.0
2729,45.483333,27.165,1384,23117,18078,280.0
2730,45.5,27.17,1398,23142,18062,280.0
2731,45.516667,27.172,1377,23185,18073,280.0
2732,45.533333,27.184,1401,23094,18049,280.0
2733,45.55,27.175,1407,23072,18036,280.0
2734,45.566667,27.171,1421,23152,18046,280.0
2735,45.583333,27.178,1433,23189,18095,280.0
2736,45.6,27.179,1407,23180,18128,280.0
2737,45.616667,27.181,1391,22905,17916,280.0
2738,45.633333,27.179,1449,22906,17924,280.0
2739,45.65,27.172,1438,22905,17874,280.0
2740,45.666667,27.167,1362,23142,17984,280.0
2741,45.683333,27.164,1369,23233,18060,280.0
2742,45.7,27.155,1327,23185,18015,280.0
2743,45.716667,27.119,1322,23173,17975,280.0
2744,45.733333,27.119,1324,23150,17930,280.0
2745,45.75,27.12,1337,23176,17933,280.0
2746,45.766667,27.123,1348,23124,17920,280.0
2747,45.783333,27.122,1339,23142,17911,280.0
2748,45.8,27.121,1342,23170,17922,280.0
2749,45.816667,27.119,1348,23158,17907,280.0
2750,45.833333,27.117,1342,23141,17893,280.0
2751,45.85,27.118,1343,23135,17896,280.0
2752,45.866667,27.114,1352,23112,17889,280.0
2753,45.883333,27.116,1355,23119,17880,280.0
2754,45.9,27.113,1368,23133,17863,280.0
2755,45.916667,27.255,1349,23372,17982,280.0
2756,45.933333,27.241,1373,23369,17987,280.0
2757,45.95,27.13,1382,23142,17869,280.0
2758,45.966667,27.12,1375,23126,17869,280.0
2759,45.983333,27.115,1364,23166,17897,280.0
2760,46.0,27.097,1381,23300,18085,280.0
2761,46.016667,27.102,1391,23331,18086,280.0
2762,46.033333,27.102,1381,23372,18144,280.0
2763,46.05,27.108,1364,23285,18044,280.0
2764,46.066667,27.108,1362,23356,18130,280.0
2765,46.083333,27.118,1346,23380,18143,280.0
2766,46.1,27.163,1381,23749,18381,280.0
2767,46.116667,27.13,1415,23647,18438,280.0
2768,46.133333,26.966,1458,24241,18709,280.0
2769,46.15,26.892,1448,24355,18920,280.0
2770,46.166667,26.819,1436,24750,19125,280.0
2771,46.183333,26.776,1530,24903,19186,280.0
2772,46.2,27.205,2076,24421,19210,280.0
2773,46.216667,27.745,2171,23163,17375,280.0
2774,46.233333,27.4,2814,21929,16091,280.0
2775,46.25,27.045,3405,22587,16866,280.0
2776,46.266667,26.779,2891,24301,18562,280.0
2777,46.283333,26.752,2409,24560,18838,280.0
2778,46.3,26.742,2244,24617,18910,280.0
2779,46.316667,26.737,2158,24731,19038,280.0
2780,46.333333,26.733,2070,24916,19241,280.0
2781,46.35,27.113,2072,24708,19162,280.0
2782,46.366667,28.098,2162,23303,17972,280.0
2783,46.383333,29.614,2115,21326,16313,280.0
2784,46.4,31.774,1916,18816,14757,280.0
2785,46.416667,33.806,1661,16005,13375,280.0
2786,46.433333,35.826,1565,13508,11959,280.0
2787,46.45,36.798,1364,10603,9505,280.0
2788,46.466667,36.335,1183,10121,9138,280.0
2789,46.483333,35.674,990,8707,8192,280.0
2790,46.5,34.842,789,8082,8039,280.0
2791,46.516667,33.764,687,7456,7406,280.0
2792,46.533333,33.465,567,5164,5144,280.0
2793,46.55,32.945,473,3517,3517,280.0
2794,46.566667,33.466,421,1019,1019,280.0
2795,46.583333,34.404,231,511,511,280.0
2796,46.6,36.604,167,55,55,280.0
2797,46.616667,35.348,113,0,0,-1
2798,46.633333,31.796,54,0,0,-1
2799,46.65,27.081,0,237,237,280.0
2800,46.666667,21.652,0,0,0,-1
2801,46.683333,19.793,0,0,0,-1
2802,46.7,16.756,0,0,0,-1
2803,46.716667,15.526,0,0,0,-1
2804,46.733333,16.119,0,0,0,-1
2805,46.75,16.288,0,0,0,-1
2806,46.766667,16.293,0,0,0,-1
2807,46.783333,16.295,0,0,0,-1
2808,46.8,16.299,0,0,0,-1
2809,46.816667,16.3,0,0,0,-1
2810,46.833333,16.302,0,0,0,-1
2811,46.85,16.312,0,0,0,-1
2812,46.866667,16.316,0,0,0,-1
2813,46.883333,16.332,0,0,0,-1
2814,46.9,16.331,0,0,0,-1
2815,46.916667,16.341,0,0,0,-1
2816,46.933333,16.339,0,0,0,-1
2817,46.95,16.337,0,0,0,-1
2818,46.966667,16.342,0,0,0,-1
2819,46.983333,16.349,0,0,0,-1
2820,47.0,16.37,0,0,0,-1
2821,47.016667,16.365,0,0,0,-1
2822,47.033333,16.38,0,0,0,-1
2823,47.05,16.372,0,0,0,-1
2824,47.066667,16.384,0,0,0,-1
2825,47.083333,16.378,0,0,0,-1
2826,47.1,16.357,0,0,0,-1
2827,47.116667,16.377,0,0,0,-1
2828,47.133333,16.358,0,0,0,-1
2829,47.15,16.372,0,0,0,-1
2830,47.166667,16.358,0,0,0,-1
2831,47.183333,16.363,0,0,0,-1
2832,47.2,16.351,0,0,0,-1
2833,47.216667,16.345,0,0,0,-1
2834,47.233333,16.333,0,0,0,-1
2835,47.25,16.317,0,0,0,-1
2836,47.266667,16.311,0,0,0,-1
2837,47.283333,16.298,0,0,0,-1
2838,47.3,16.296,0,0,0,-1
2839,47.316667,16.29,0,0,0,-1
2840,47.333333,16.294,0,0,0,-1
2841,47.35,16.292,0,0,0,-1
2842,47.366667,16.305,0,0,0,-1
2843,47.383333,16.306,0,0,0,-1
2844,47.4,16.331,0,0,0,-1
2845,47.416667,16.348,0,0,0,-1
2846,47.433333,16.392,0,0,0,-1
2847,47.45,16.444,0,0,0,-1
2848,47.466667,16.443,0,0,0,-1
2849,47.483333,16.455,0,0,0,-1
2850,47.5,16.461,0,0,0,-1
2851,47.516667,16.471,0,0,0,-1
2852,47.533333,16.472,0,0,0,-1
2853,47.55,16.471,0,0,0,-1
2854,47.566667,16.482,0,0,0,-1
2855,47.583333,16.466,0,0,0,-1
2856,47.6,16.464,0,0,0,-1
2857,47.616667,16.462,0,0,0,-1
2858,47.633333,16.453,0,0,0,-1
2859,47.65,16.466,15,0,0,-1
2860,47.666667,16.456,0,0,0,-1
2861,47.683333,16.452,5,0,0,-1
2862,47.7,16.44,3,0,0,-1
2863,47.716667,16.451,9,0,0,-1
2864,47.733333,16.441,23,0,0,-1
2865,47.75,16.42,11,0,0,-1
2866,47.766667,16.423,22,0,0,-1
2867,47.783333,16.454,30,0,0,-1
2868,47.8,16.462,18,0,0,-1
2869,47.816667,16.461,45,0,0,-1
2870,47.833333,16.483,90,0,0,-1
2871,47.85,16.413,65,11,0,658.0
2872,47.866667,16.413,34,8,0,634.0
2873,47.883333,16.466,534,380,0,632.0
2874,47.9,16.473,378,466,0,598.0
2875,47.916667,16.461,414,545,0,573.0
2876,47.933333,16.443,441,669,0,560.0
2877,47.95,16.441,413,657,0,551.0
2878,47.966667,16.449,470,764,0,542.0
2879,47.983333,16.477,410,776,0,538.0
2880,48.0,16.464,337,890,0,536.0
2881,48.016667,16.479,309,804,0,534.0
2882,48.033333,16.463,238,819,0,532.0
2883,48.05,16.479,173,788,0,531.0
2884,48.066667,16.49,142,762,0,525.0
2885,48.083333,16.479,147,790,0,522.0
2886,48.1,16.485,132,762,0,514.0
2887,48.116667,16.499,156,790,0,503.0
2888,48.133333,16.513,144,801,0,480.0
2889,48.15,16.505,132,818,8,459.0
2890,48.166667,16.505,158,818,54,422.0
2891,48.183333,16.49,151,801,122,382.0
2892,48.2,16.495,173,786,166,368.0
2893,48.216667,16.483,153,789,152,368.0
2894,48.233333,16.456,104,859,158,368.0
2895,48.25,16.456,152,774,159,368.0
2896,48.266667,16.454,143,798,151,369.0
2897,48.283333,16.437,101,803,187,370.0
2898,48.3,16.427,115,806,158,370.0
2899,48.316667,16.429,137,761,133,372.0
2900,48.333333,16.405,140,808,155,370.0
2901,48.35,16.412,151,808,122,370.0
2902,48.366667,16.377,196,882,138,370.0
2903,48.383333,16.41,198,869,167,370.0
2904,48.4,16.401,180,829,147,370.0
2905,48.416667,16.406,231,933,98,368.0
2906,48.433333,16.415,391,941,103,368.0
2907,48.45,16.425,856,918,146,366.0
2908,48.466667,16.401,1302,806,124,364.0
2909,48.483333,16.418,1840,730,156,364.0
2910,48.5,16.402,2879,656,126,362.0
2911,48.516667,16.434,3539,705,151,360.0
2912,48.533333,16.441,4205,431,159,360.0
2913,48.55,16.441,5105,446,154,360.0
2914,48.566667,16.445,5486,468,163,360.0
2915,48.583333,16.435,5709,429,155,360.0
2916,48.6,16.454,6328,512,208,358.0
2917,48.616667,16.461,6503,502,209,358.0
2918,48.633333,16.462,6921,460,221,360.0
2919,48.65,16.462,6821,177,9,526.0
2920,48.666667,16.483,7062,367,138,360.0
2921,48.683333,16.477,7064,365,177,358.0
2922,48.7,16.491,7144,367,156,358.0
2923,48.716667,16.494,7390,366,152,358.0
2924,48.733333,16.493,7370,285,86,371.0
2925,48.75,16.496,7628,480,163,360.0
2926,48.766667,16.474,7636,331,47,387.0
2927,48.783333,16.474,7810,416,154,359.0
2928,48.8,16.461,7416,454,167,358.0
2929,48.816667,16.451,7070,441,167,358.0
2930,48.833333,16.455,6358,248,36,358.0
2931,48.85,16.444,6007,387,114,358.0
2932,48.866667,16.421,5661,399,156,358.0
2933,48.883333,16.423,5488,426,172,358.0
2934,48.9,16.407,5166,422,177,358.0
2935,48.916667,16.395,4889,515,244,358.0
2936,48.933333,16.405,4756,434,159,358.0
2937,48.95,16.396,4754,450,160,358.0
2938,48.966667,16.403,4512,548,170,358.0
2939,48.983333,16.403,4294,642,203,358.0
2940,49.0,16.417,4279,749,256,358.0
2941,49.016667,16.404,3879,515,110,358.0
2942,49.033333,16.411,3677,649,165,359.0
2943,49.05,16.409,3511,659,161,358.0
2944,49.066667,16.426,3223,590,131,358.0
2945,49.083333,16.429,2976,697,172,358.0
2946,49.1,16.426,2662,792,249,358.0
2947,49.116667,16.44,2701,629,156,358.0
2948,49.133333,16.444,2381,633,181,358.0
2949,49.15,16.435,2190,617,183,358.0
2950,49.166667,16.449,2059,595,187,358.0
2951,49.183333,16.447,1963,548,170,359.0
2952,49.2,16.451,1698,521,140,358.0
2953,49.216667,16.455,1380,614,141,359.0
2954,49.233333,16.456,1251,631,160,358.0
2955,49.25,16.45,1225,740,152,359.0
2956,49.266667,16.456,1097,931,181,359.0
2957,49.283333,16.459,1003,1030,229,359.0
2958,49.3,16.465,915,928,144,359.0
2959,49.316667,16.459,938,954,113,359.0
2960,49.333333,16.462,738,1165,128,358.0
2961,49.35,16.463,575,1430,147,358.0
2962,49.366667,16.455,544,1852,135,359.0
2963,49.383333,16.453,604,1915,228,359.0
2964,49.4,16.436,499,1428,114,359.0
2965,49.416667,16.43,461,1254,139,359.0
2966,49.433333,16.418,441,1333,120,359.0
2967,49.45,16.413,402,1571,157,359.0
2968,49.466667,16.417,428,1403,251,359.0
2969,49.483333,16.409,347,1530,164,358.0
2970,49.5,16.405,337,1308,155,359.0
2971,49.516667,16.402,335,1299,169,359.0
2972,49.533333,16.406,222,1242,181,359.0
2973,49.55,16.414,259,1289,188,359.0
2974,49.566667,16.416,282,1485,264,359.0
2975,49.583333,16.415,281,1679,161,359.0
2976,49.6,16.423,269,1738,148,358.0
2977,49.616667,16.415,284,1777,148,359.0
2978,49.633333,16.431,299,1847,161,359.0
2979,49.65,16.427,335,1688,208,359.0
2980,49.666667,16.434,281,1665,200,359.0
2981,49.683333,16.443,361,1686,170,359.0
2982,49.7,16.447,403,1872,182,359.0
2983,49.716667,16.457,418,2067,194,359.0
2984,49.733333,16.458,404,1844,142,359.0
2985,49.75,16.46,403,1881,215,358.0
2986,49.766667,16.467,441,1479,144,358.0
2987,49.783333,16.47,433,1197,163,359.0
2988,49.8,16.478,455,952,155,359.0
2989,49.816667,16.477,411,893,161,358.0
2990,49.833333,16.48,390,984,204,358.0
2991,49.85,16.491,398,843,176,358.0
2992,49.866667,16.485,401,834,189,358.0
2993,49.883333,16.477,363,889,206,359.0
2994,49.9,16.472,317,823,181,358.0
2995,49.916667,16.468,367,815,199,358.0
2996,49.933333,16.458,229,647,155,358.0
2997,49.95,16.444,237,654,166,358.0
2998,49.966667,16.434,226,689,192,358.0
2999,49.983333,16.429,236,727,172,358.0
3000,50.0,16.431,205,769,159,358.0
3001,50.016667,16.397,238,781,190,358.0
3002,50.033333,16.407,215,724,175,358.0
3003,50.05,16.397,231,804,180,358.0
3004,50.066667,16.394,239,810,168,358.0
3005,50.083333,16.396,267,795,173,358.0
3006,50.1,16.398,299,822,163,358.0
3007,50.116667,16.405,317,768,153,358.0
3008,50.133333,16.404,300,869,148,358.0
3009,50.15,16.41,296,910,170,358.0
3010,50.166667,16.418,316,897,137,358.0
3011,50.183333,16.421,321,963,152,358.0
3012,50.2,16.426,329,976,224,358.0
3013,50.216667,16.435,323,886,154,358.0
3014,50.233333,16.444,337,915,179,358.0
3015,50.25,16.443,322,918,172,358.0
3016,50.266667,16.456,328,880,142,358.0
3017,50.283333,16.463,313,950,201,360.0
3018,50.3,16.466,269,724,48,392.0
3019,50.316667,16.459,271,871,111,376.0
3020,50.333333,16.469,252,911,146,372.0
3021,50.35,16.473,226,829,136,378.0
3022,50.366667,16.474,223,756,103,386.0
3023,50.383333,16.474,228,707,114,390.0
3024,50.4,16.483,213,604,123,400.0
3025,50.416667,16.484,203,581,108,408.0
3026,50.433333,16.481,196,589,138,412.0
3027,50.45,16.481,222,612,98,416.0
3028,50.466667,16.473,204,573,103,420.0
3029,50.483333,16.469,222,545,61,422.0
3030,50.5,16.457,175,523,76,425.0
3031,50.516667,16.435,194,577,60,430.0
3032,50.533333,16.437,161,578,59,430.0
3033,50.55,16.422,150,614,52,436.0
3034,50.566667,16.415,162,519,50,440.0
3035,50.583333,16.408,150,518,44,440.0
3036,50.6,16.399,137,461,40,442.0
3037,50.616667,16.394,144,423,40,444.0
3038,50.633333,16.393,129,488,47,446.0
3039,50.65,16.398,125,513,48,446.0
3040,50.666667,16.396,120,474,37,447.0
3041,50.683333,16.399,144,502,39,448.0
3042,50.7,16.403,118,474,32,448.0
3043,50.716667,16.415,113,465,26,448.0
3044,50.733333,16.417,130,507,26,448.0
3045,50.75,16.424,115,486,24,448.0
3046,50.766667,16.436,130,480,29,448.0
3047,50.783333,16.438,131,505,29,447.0
3048,50.8,16.441,114,509,49,444.0
3049,50.816667,16.446,138,499,42,442.0
3050,50.833333,16.441,153,498,44,438.0
3051,50.85,16.453,152,530,56,432.0
3052,50.866667,16.452,172,566,82,428.0
3053,50.883333,16.452,183,571,72,424.0
3054,50.9,16.46,181,561,74,416.0
3055,50.916667,16.465,195,559,83,411.0
3056,50.933333,16.47,197,596,110,408.0
3057,50.95,16.476,188,520,98,404.0
3058,50.966667,16.475,195,587,109,398.0
3059,50.983333,16.48,217,625,112,393.0
3060,51.0,16.5,188,667,122,390.0
3061,51.016667,16.478,202,601,127,386.0
3062,51.033333,16.491,234,660,133,382.0
3063,51.05,16.462,190,670,141,378.0
3064,51.066667,16.474,208,889,172,375.0
3065,51.083333,16.453,219,902,207,372.0
3066,51.1,16.454,215,947,202,368.0
3067,51.116667,16.427,239,1002,139,364.0
3068,51.133333,16.415,213,1053,197,362.0
3069,51.15,16.411,253,1099,159,358.0
3070,51.166667,16.412,251,1086,131,356.0
3071,51.183333,16.4,266,1072,145,356.0
3072,51.2,16.407,259,1099,148,354.0
3073,51.216667,16.403,262,1110,146,354.0
3074,51.233333,16.406,263,1092,134,354.0
3075,51.25,16.408,300,1149,144,354.0
3076,51.266667,16.402,320,1082,144,354.0
3077,51.283333,16.409,322,1111,149,354.0
3078,51.3,16.419,318,1110,219,356.0
3079,51.316667,16.423,281,1120,233,356.0
3080,51.333333,16.438,292,1084,175,358.0
3081,51.35,16.448,293,1046,171,358.0
3082,51.366667,16.457,294,991,168,358.0
3083,51.383333,16.461,346,932,181,360.0
3084,51.4,16.456,294,823,129,364.0
3085,51.416667,16.451,269,921,145,368.0
3086,51.433333,16.466,257,848,148,374.0
3087,51.45,16.462,247,856,127,379.0
3088,51.466667,16.466,227,783,127,382.0
3089,51.483333,16.473,235,619,118,394.0
3090,51.5,16.476,210,616,112,400.0
3091,51.516667,16.479,199,610,103,404.0
3092,51.533333,16.479,209,665,126,414.0
3093,51.55,16.484,206,650,104,420.0
3094,51.566667,16.478,191,629,99,424.0
3095,51.583333,16.467,174,557,98,430.0
3096,51.6,16.458,178,555,70,429.0
3097,51.616667,16.454,147,540,59,431.0
3098,51.633333,16.443,182,543,55,434.0
3099,51.65,16.437,162,514,50,436.0
3100,51.666667,16.42,150,469,44,439.0
3101,51.683333,16.409,194,456,42,440.0
3102,51.7,16.399,153,471,38,442.0
3103,51.716667,16.408,149,470,46,444.0
3104,51.733333,16.4,133,489,50,446.0
3105,51.75,16.4,163,495,47,446.0
3106,51.766667,16.403,142,474,44,448.0
3107,51.783333,16.404,159,482,43,448.0
3108,51.8,16.404,152,478,44,448.0
3109,51.816667,16.42,169,512,37,448.0
3110,51.833333,16.416,174,472,32,449.0
3111,51.85,16.427,163,482,33,449.0
3112,51.866667,16.431,165,492,32,448.0
3113,51.883333,16.443,164,517,32,447.0
3114,51.9,16.453,153,513,42,446.0
3115,51.916667,16.454,156,494,39,441.0
3116,51.933333,16.46,167,502,48,436.0
3117,51.95,16.462,209,546,83,432.0
3118,51.966667,16.469,194,584,86,428.0
3119,51.983333,16.464,234,610,73,420.0
3120,52.0,16.487,179,557,64,416.0
3121,52.016667,16.482,196,508,88,410.0
3122,52.033333,16.495,203,589,133,404.0
3123,52.05,16.491,193,571,109,400.0
3124,52.066667,16.479,188,623,113,396.0
3125,52.083333,16.498,212,605,109,392.0
3126,52.1,16.475,216,648,120,388.0
3127,52.116667,16.469,202,666,125,386.0
3128,52.133333,16.466,214,667,134,380.0
3129,52.15,16.465,211,752,140,378.0
3130,52.166667,16.455,220,854,149,376.0
3131,52.183333,16.443,217,976,153,370.0
3132,52.2,16.432,217,982,150,368.0
3133,52.216667,16.423,239,1029,193,364.0
3134,52.233333,16.417,241,1074,171,362.0
3135,52.25,16.408,251,1063,158,358.0
3136,52.266667,16.411,266,1080,167,356.0
3137,52.283333,16.41,276,1084,136,354.0
3138,52.3,16.401,280,1039,130,354.0
3139,52.316667,16.408,272,1088,149,354.0
3140,52.333333,16.409,277,1071,142,354.0
3141,52.35,16.42,301,1073,145,354.0
3142,52.366667,16.417,327,1061,147,354.0
3143,52.383333,16.424,294,1043,158,354.0
3144,52.4,16.424,286,1074,210,356.0
3145,52.416667,16.446,262,1060,171,356.0
3146,52.433333,16.442,288,1027,174,358.0
3147,52.45,16.447,267,1072,173,358.0
3148,52.466667,16.46,286,944,165,360.0
3149,52.483333,16.448,287,915,163,360.0
3150,52.5,16.452,288,934,163,360.0
3151,52.516667,16.455,288,941,167,360.0
3152,52.533333,16.462,305,961,186,360.0
3153,52.55,16.466,308,836,134,364.0
3154,52.566667,16.463,242,779,115,368.0
3155,52.583333,16.471,248,885,147,372.0
3156,52.6,16.475,192,799,140,378.0
3157,52.616667,16.472,178,698,119,386.0
3158,52.633333,16.475,169,662,112,392.0
3159,52.65,16.473,160,615,120,398.0
3160,52.666667,16.469,160,616,117,406.0
3161,52.683333,16.469,169,589,109,412.0
3162,52.7,16.464,184,673,121,420.0
3163,52.716667,16.455,178,706,122,424.0
3164,52.733333,16.451,181,625,96,428.0
3165,52.75,16.436,147,565,92,430.0
3166,52.766667,16.428,165,580,57,432.0
3167,52.783333,16.426,177,550,54,434.0
3168,52.8,16.424,175,574,53,435.0
3169,52.816667,16.42,170,502,49,436.0
3170,52.833333,16.415,178,468,46,438.0
3171,52.85,16.412,182,501,45,439.0
3172,52.866667,16.412,160,492,47,444.0
3173,52.883333,16.415,159,501,46,446.0
3174,52.9,16.413,155,479,41,448.0
3175,52.916667,16.421,178,464,37,448.0
3176,52.933333,16.414,170,492,40,448.0
3177,52.95,16.422,161,505,37,449.0
3178,52.966667,16.427,183,490,35,449.0
3179,52.983333,16.434,170,499,38,449.0
3180,53.0,16.464,189,468,37,449.0
3181,53.016667,16.44,180,464,41,448.0
3182,53.033333,16.468,174,486,44,447.0
3183,53.05,16.442,152,485,47,444.0
3184,53.066667,16.443,171,422,41,442.0
3185,53.083333,16.449,176,452,48,436.0
3186,53.1,16.446,146,549,79,432.0
3187,53.116667,16.458,166,576,82,430.0
3188,53.133333,16.463,205,536,72,422.0
3189,53.15,16.469,179,662,75,416.0
3190,53.166667,16.471,184,661,80,414.0
3191,53.183333,16.484,169,474,38,406.0
3192,53.2,16.475,186,547,101,402.0
3193,53.216667,16.475,201,569,107,400.0
3194,53.233333,16.472,205,622,110,392.0
3195,53.25,16.469,219,598,120,389.0
3196,53.266667,16.454,244,695,129,384.0
3197,53.283333,16.442,224,708,131,382.0
3198,53.3,16.437,221,721,137,378.0
3199,53.316667,16.429,257,836,152,374.0
3200,53.333333,16.424,229,979,186,370.0
3201,53.35,16.418,211,964,179,368.0
3202,53.366667,16.415,212,1017,178,364.0
3203,53.383333,16.416,250,1051,166,362.0
3204,53.4,16.412,272,1036,139,360.0
3205,53.416667,16.412,287,1091,140,356.0
3206,53.433333,16.409,296,1120,146,355.0
3207,53.45,16.408,299,1066,132,354.0
3208,53.466667,16.413,303,1059,143,354.0
3209,53.483333,16.413,328,1056,144,354.0
3210,53.5,16.423,333,1008,139,354.0
3211,53.516667,16.425,353,1039,155,354.0
3212,53.533333,16.443,355,984,143,354.0
3213,53.55,16.435,325,1016,146,356.0
3214,53.566667,16.448,306,1022,177,356.0
3215,53.583333,16.452,295,1010,173,358.0
3216,53.6,16.464,272,970,179,358.0
3217,53.616667,16.459,289,912,164,358.0
3218,53.633333,16.469,285,858,161,360.0
3219,53.65,16.465,275,871,159,360.0
3220,53.666667,16.472,310,840,155,362.0
3221,53.683333,16.474,311,874,171,362.0
3222,53.7,16.477,300,898,177,362.0
3223,53.716667,16.484,310,759,111,362.0
3224,53.733333,16.476,290,836,145,362.0
3225,53.75,16.485,277,861,156,362.0
3226,53.766667,16.489,290,880,158,362.0
3227,53.783333,16.475,249,870,157,362.0
3228,53.8,16.481,294,874,157,362.0
3229,53.816667,16.46,262,872,157,362.0
3230,53.833333,16.456,266,924,171,362.0
3231,53.85,16.45,306,968,190,362.0
3232,53.866667,16.442,287,989,201,362.0
3233,53.883333,16.427,278,1003,205,362.0
3234,53.9,16.427,324,982,166,361.0
3235,53.916667,16.421,299,1027,175,361.0
3236,53.933333,16.414,311,1001,176,360.0
3237,53.95,16.412,306,1015,176,360.0
3238,53.966667,16.401,319,1032,173,360.0
3239,53.983333,16.416,320,1026,175,360.0
3240,54.0,16.434,307,1002,201,360.0
3241,54.016667,16.434,348,1029,205,360.0
3242,54.033333,16.444,286,948,144,362.0
3243,54.05,16.438,242,958,161,374.0
3244,54.066667,16.43,243,585,100,394.0
3245,54.083333,16.449,5562,749,94,432.0
3246,54.1,16.443,5720,341,0,464.0
3247,54.116667,16.442,5938,243,0,488.0
3248,54.133333,16.455,5588,164,0,530.0
3249,54.15,16.463,5850,95,0,541.0
3250,54.166667,16.464,5940,56,0,557.0
3251,54.183333,16.458,5663,22,0,566.0
3252,54.2,16.463,6203,36,0,521.0
3253,54.216667,16.468,6628,82,0,544.0
3254,54.233333,16.469,6226,173,0,538.0
3255,54.25,16.466,6437,194,0,540.0
3256,54.266667,16.47,5340,301,0,538.0
3257,54.283333,16.477,5156,297,0,538.0
3258,54.3,16.47,5096,324,0,542.0
3259,54.316667,16.474,4344,163,0,549.0
3260,54.333333,16.468,4061,67,0,560.0
3261,54.35,16.465,3543,32,0,634.0
3262,54.366667,16.464,3241,17,0,570.0
3263,54.383333,16.442,2821,3,0,-1
3264,54.4,16.307,2414,115,0,506.0
3265,54.416667,15.443,1530,84,0,574.0
3266,54.433333,15.719,1103,57,0,605.0
3267,54.45,20.566,669,48,0,627.0
3268,54.466667,27.961,55,0,0,-1
3269,54.483333,31.518,12,0,0,-1
3270,54.5,35.549,11,0,0,-1
3271,54.516667,35.881,38,289,289,280.0
3272,54.533333,33.954,763,1037,1037,287.0
3273,54.55,33.031,1188,3234,3234,280.0
3274,54.566667,33.436,1609,6259,6259,280.0
3275,54.583333,34.413,1721,7055,7055,280.0
3276,54.6,35.897,1802,8577,7789,280.0
3277,54.616667,36.313,1987,9302,8140,283.0
3278,54.633333,34.205,2120,14121,11897,280.0
3279,54.65,32.323,2252,17155,13693,280.0
3280,54.666667,29.683,2266,19775,15099,280.0
3281,54.683333,27.725,2098,22444,17323,280.0
3282,54.7,26.734,2055,23925,18687,280.0
3283,54.716667,26.733,1696,24015,18734,280.0
3284,54.733333,26.763,1605,23914,18675,280.0
3285,54.75,26.787,1604,23979,18739,280.0
3286,54.766667,26.835,1581,24000,18740,280.0
3287,54.783333,26.794,1579,24062,18778,280.0
3288,54.8,26.788,1573,24006,18736,280.0
3289,54.816667,26.799,1582,24053,18738,280.0
3290,54.833333,26.795,1566,24016,18745,280.0
3291,54.85,26.728,1492,23930,18690,280.0
3292,54.866667,26.69,1364,23853,18588,280.0
3293,54.883333,26.706,1372,24023,18763,280.0
3294,54.9,26.725,1367,23985,18747,280.0
3295,54.916667,26.726,1335,24005,18735,280.0
3296,54.933333,26.703,1372,24047,18697,280.0
3297,54.95,26.728,1369,24054,18722,280.0
3298,54.966667,26.735,1400,24010,18642,280.0
3299,54.983333,26.652,1348,23868,18523,280.0
3300,55.0,26.599,1507,23972,18778,280.0
3301,55.016667,26.615,1492,24299,18914,280.0
3302,55.033333,26.621,1496,24314,18919,280.0
3303,55.05,26.598,1499,24274,18890,280.0
3304,55.066667,26.568,1490,24323,18941,280.0
3305,55.083333,26.552,1485,24334,18952,280.0
3306,55.1,26.552,1417,24361,18930,280.0
3307,55.116667,26.533,1426,24408,18947,280.0
3308,55.133333,26.527,1405,24379,18942,280.0
3309,55.15,26.518,1418,24447,19004,280.0
3310,55.166667,26.526,1377,24422,18931,280.0
3311,55.183333,26.502,1410,24300,18850,280.0
3312,55.2,26.511,1359,24435,18968,280.0
3313,55.216667,26.493,1388,24413,18904,280.0
3314,55.233333,26.481,1358,24465,18981,280.0
3315,55.25,26.483,1352,24452,18910,280.0
3316,55.266667,26.462,1370,24347,18884,280.0
3317,55.283333,26.464,1378,24479,18997,280.0
3318,55.3,26.458,1366,24319,18885,280.0
3319,55.316667,26.449,1368,24365,18889,280.0
3320,55.333333,26.458,1366,24470,19012,280.0
3321,55.35,26.461,1401,24469,19019,280.0
3322,55.366667,26.466,1402,24415,18951,280.0
3323,55.383333,26.466,1409,24442,19007,280.0
3324,55.4,26.47,1443,24369,18906,280.0
3325,55.416667,26.442,1389,24405,18869,280.0
3326,55.433333,26.433,1405,24468,18974,280.0
3327,55.45,26.449,1366,24389,18844,280.0
3328,55.466667,26.444,1377,24458,18955,280.0
3329,55.483333,26.396,1366,24374,18847,280.0
3330,55.5,26.369,1377,24292,18831,280.0
3331,55.516667,26.357,1371,24468,18939,280.0
3332,55.533333,26.365,1377,24312,18801,280.0
3333,55.55,26.399,1387,24406,18906,280.0
3334,55.566667,26.491,1382,24288,18771,280.0
3335,55.583333,26.589,1388,24231,18783,280.0
3336,55.6,26.637,1383,24277,18754,280.0
3337,55.616667,26.622,1405,24346,18839,280.0
3338,55.633333,26.494,1404,24565,18945,280.0
3339,55.65,26.484,1380,24565,18970,280.0
3340,55.666667,26.494,1388,24536,18995,280.0
3341,55.683333,26.507,1383,24508,18974,280.0
3342,55.7,26.504,1396,24541,18996,280.0
3343,55.716667,26.505,1354,24554,19014,280.0
3344,55.733333,26.496,1352,24581,18972,280.0
3345,55.75,26.51,1385,24469,18922,280.0
3346,55.766667,26.517,1369,24450,18924,280.0
3347,55.783333,26.524,1376,24479,18935,280.0
3348,55.8,26.531,1382,24488,18935,280.0
3349,55.816667,26.525,1344,24392,18892,280.0
3350,55.833333,26.534,1342,24434,18896,280.0
3351,55.85,26.523,1355,24202,18782,280.0
3352,55.866667,26.529,1371,24254,18800,280.0
3353,55.883333,26.522,1363,24344,18830,280.0
3354,55.9,26.512,1406,24461,18874,280.0
3355,55.916667,26.509,1364,24448,18863,280.0
3356,55.933333,26.483,1349,24470,18870,280.0
3357,55.95,26.483,1346,24457,18859,280.0
3358,55.966667,26.481,1342,24434,18844,280.0
3359,55.983333,26.482,1361,24394,18814,280.0
3360,56.0,26.474,1321,24437,18933,280.0
3361,56.016667,26.475,1327,24439,18936,280.0
3362,56.033333,26.48,1323,24443,18935,280.0
3363,56.05,26.48,1323,24440,18933,280.0
3364,56.066667,26.479,1329,24457,18932,280.0
3365,56.083333,26.483,1323,24445,18933,280.0
3366,56.1,26.482,1339,24448,18935,280.0
3367,56.116667,26.485,1347,24443,18931,280.0
3368,56.133333,26.594,1318,24603,19021,280.0
3369,56.15,26.576,1301,24631,19045,280.0
3370,56.166667,26.501,1289,24436,18917,280.0
3371,56.183333,26.502,1282,24378,18862,280.0
3372,56.2,26.498,1277,24374,18857,280.0
3373,56.216667,26.49,1294,24516,18779,280.0
3374,56.233333,26.727,1292,24865,19158,280.0
3375,56.25,26.718,1325,24724,19016,280.0
3376,56.266667,26.793,1266,24489,18974,280.0
3377,56.283333,26.96,1329,24422,18856,280.0
3378,56.3,27.074,1274,24410,18886,280.0
3379,56.316667,27.139,1343,24148,18690,280.0
3380,56.333333,27.034,1297,23935,18665,280.0
3381,56.35,26.984,1321,24208,18829,280.0
3382,56.366667,27.006,1386,24159,18873,280.0
3383,56.383333,26.961,1350,24333,18923,280.0
3384,56.4,26.92,1416,24517,19066,280.0
3385,56.416667,26.879,1372,24551,19084,280.0
3386,56.433333,26.786,1428,24588,19061,280.0
3387,56.45,26.722,1310,24207,18845,280.0
3388,56.466667,26.696,1365,24797,19160,280.0
3389,56.483333,26.646,1366,24783,19138,280.0
3390,56.5,26.592,1319,24639,19160,280.0
3391,56.516667,26.579,1283,24486,19009,280.0
3392,56.533333,26.553,1287,24488,18852,280.0
3393,56.55,26.534,1241,24513,18881,280.0
3394,56.566667,26.547,1228,24523,18957,280.0
3395,56.583333,26.6,1232,24465,18892,280.0
3396,56.6,26.641,1247,24581,18971,280.0
3397,56.616667,26.657,1259,24567,18993,280.0
3398,56.633333,26.708,1277,24513,19001,280.0
3399,56.65,26.752,1327,24427,18992,280.0
3400,56.666667,26.744,1358,24215,18839,280.0
3401,56.683333,26.786,1300,24571,19071,280.0
3402,56.7,26.768,1315,24427,18882,280.0
3403,56.716667,26.792,1306,24140,18785,280.0
3404,56.733333,26.827,1417,24185,18764,280.0
3405,56.75,26.839,1331,24303,18843,280.0
3406,56.766667,26.875,1374,24291,18846,280.0
3407,56.783333,26.923,1447,24224,18760,280.0
3408,56.8,26.92,1325,23966,18659,280.0
3409,56.816667,26.918,1309,24134,18702,280.0
3410,56.833333,26.945,1319,24070,18609,280.0
3411,56.85,26.951,1218,23941,18691,280.0
3412,56.866667,26.979,1246,23969,18635,280.0
3413,56.883333,27.006,1278,24009,18647,280.0
3414,56.9,27.011,1293,23804,18597,280.0
3415,56.916667,26.977,1185,24019,18596,280.0
3416,56.933333,26.955,1210,23890,18512,280.0
3417,56.95,27.001,1285,24030,18676,280.0
3418,56.966667,26.948,1312,24173,18705,280.0
3419,56.983333,26.867,1318,24462,18891,280.0
3420,57.0,26.516,1358,23980,18896,280.0
3421,57.016667,26.617,1333,24600,19223,280.0
3422,57.033333,26.534,1390,24624,19143,280.0
3423,57.05,26.521,1406,24840,19242,280.0
3424,57.066667,26.547,1362,24877,19260,280.0
3425,57.083333,26.51,1322,24701,19165,280.0
3426,57.1,26.526,1248,24683,19134,280.0
3427,57.116667,26.621,1238,24699,19196,280.0
3428,57.133333,26.62,1279,24641,19184,280.0
3429,57.15,26.638,1257,24572,19122,280.0
3430,57.166667,26.691,1261,24677,19192,280.0
3431,57.183333,26.665,1392,24473,19079,280.0
3432,57.2,26.646,1273,24317,18912,280.0
3433,57.216667,26.59,1328,24548,19015,280.0
3434,57.233333,26.558,1323,24460,18932,280.0
3435,57.25,26.552,1358,24419,18903,280.0
3436,57.266667,26.55,1406,24391,18868,280.0
3437,57.283333,26.566,1384,24361,18861,280.0
3438,57.3,26.617,1382,24372,18858,280.0
3439,57.316667,26.705,1355,24463,18940,280.0
3440,57.333333,26.706,1336,24428,18911,280.0
3441,57.35,26.69,1315,24678,19047,280.0
3442,57.366667,26.67,1303,24590,19032,280.0
3443,57.383333,26.655,1303,24558,19014,280.0
3444,57.4,26.684,1302,24630,19065,280.0
3445,57.416667,26.723,1294,24780,19118,280.0
3446,57.433333,26.699,1268,24732,19089,280.0
3447,57.45,26.673,1277,24734,19104,280.0
3448,57.466667,26.641,1242,24691,19052,280.0
3449,57.483333,26.658,1283,24702,19074,280.0
3450,57.5,26.674,1260,24701,19127,280.0
3451,57.516667,26.659,1238,24776,19156,280.0
3452,57.533333,26.636,1258,24672,19095,280.0
3453,57.55,26.744,1287,24459,18965,280.0
3454,57.566667,26.858,1265,24455,19007,280.0
3455,57.583333,26.932,1288,24328,18938,280.0
3456,57.6,26.988,1290,24244,18853,280.0
3457,57.616667,26.973,1271,24074,18729,280.0
3458,57.633333,27.003,1248,24143,18821,280.0
3459,57.65,27.062,1279,24216,18750,280.0
3460,57.666667,27.072,1351,23867,18642,280.0
3461,57.683333,27.097,1367,23950,18739,280.0
3462,57.7,27.031,1348,24093,18837,280.0
3463,57.716667,26.869,1370,24597,19174,280.0
3464,57.733333,26.634,1391,25036,19332,280.0
3465,57.75,26.558,1402,25128,19334,280.0
3466,57.766667,26.634,1444,24945,19304,280.0
3467,57.783333,26.641,1403,24869,19254,280.0
3468,57.8,26.761,1448,24804,19263,280.0
3469,57.816667,26.784,1395,24598,19066,280.0
3470,57.833333,26.824,1424,24513,19041,280.0
3471,57.85,26.766,1363,24406,19052,280.0
3472,57.866667,26.734,1150,24261,18931,280.0
3473,57.883333,26.755,1339,24319,18983,280.0
3474,57.9,26.759,1275,24416,19062,280.0
3475,57.916667,26.759,1254,24561,19112,280.0
3476,57.933333,26.742,1324,24526,19053,280.0
3477,57.95,26.699,1280,24562,19182,280.0
3478,57.966667,26.685,1301,24596,19201,280.0
3479,57.983333,26.721,1318,24438,19131,280.0
3480,58.0,26.571,1185,24300,19034,280.0
3481,58.016667,26.876,1252,24356,19086,280.0
3482,58.033333,26.939,1282,24125,18966,280.0
3483,58.05,27.011,1283,23791,18744,280.0
3484,58.066667,27.052,1293,23639,18636,280.0
3485,58.083333,27.056,1275,23654,18551,280.0
3486,58.1,27.036,1216,23465,18427,280.0
3487,58.116667,26.997,1176,23557,18602,280.0
3488,58.133333,27.028,1322,23538,18605,280.0
3489,58.15,26.966,1226,23727,18661,280.0
3490,58.166667,26.877,1308,23891,18777,280.0
3491,58.183333,26.798,1213,24155,18906,280.0
3492,58.2,26.695,1287,24232,19016,280.0
3493,58.216667,26.64,1221,24381,19015,280.0
3494,58.233333,26.578,1305,24497,19097,280.0
3495,58.25,26.53,1425,24418,18970,280.0
3496,58.266667,26.527,1358,24553,18993,280.0
3497,58.283333,26.484,1309,24448,19028,280.0
3498,58.3,26.546,1317,24555,19072,280.0
3499,58.316667,26.561,1425,24673,19185,280.0
3500,58.333333,26.571,1304,24361,19018,280.0
3501,58.35,26.61,1268,24246,18801,280.0
3502,58.366667,26.634,1218,24229,18809,280.0
3503,58.383333,26.668,1281,24267,18778,280.0
3504,58.4,26.707,1357,24134,18714,280.0
3505,58.416667,26.696,1303,24273,18890,280.0
3506,58.433333,26.65,1241,24471,18938,280.0
3507,58.45,26.624,1207,24461,18891,280.0
3508,58.466667,26.588,1297,24277,18726,280.0
3509,58.483333,26.564,1252,24263,18743,280.0
3510,58.5,26.548,1242,24293,18639,280.0
3511,58.516667,26.54,1250,24350,18642,280.0
3512,58.533333,26.541,1264,24348,18633,280.0
3513,58.55,26.529,1279,24359,18632,280.0
3514,58.566667,26.525,1311,24334,18619,280.0
3515,58.583333,26.528,1304,24320,18604,280.0
3516,58.6,26.52,1294,24338,18618,280.0
3517,58.616667,26.512,1289,24325,18605,280.0
3518,58.633333,26.742,1247,24596,18777,280.0
3519,58.65,26.565,1402,24698,18810,280.0
3520,58.666667,26.509,1411,24632,18637,280.0
3521,58.683333,26.525,1292,24617,18551,280.0
3522,58.7,26.533,1469,24644,18552,282.0
3523,58.716667,26.407,1741,23756,18520,282.0
3524,58.733333,27.297,2294,23044,17590,282.0
3525,58.75,27.482,2563,21977,15590,282.0
3526,58.766667,26.766,3694,22263,16080,282.0
3527,58.783333,26.578,3317,23513,17387,282.0
3528,58.8,26.454,2534,24179,18030,282.0
3529,58.816667,26.441,2330,24425,18204,282.0
3530,58.833333,26.435,2117,24429,18220,282.0
3531,58.85,26.439,2092,24572,18347,282.0
3532,58.866667,26.432,2002,24709,18516,282.0
3533,58.883333,26.424,1942,24781,18593,282.0
3534,58.9,26.42,1894,24792,18576,282.0
3535,58.916667,26.419,1936,24762,18518,282.0
3536,58.933333,26.486,1938,24952,18630,282.0
3537,58.95,26.919,1883,24723,18987,280.0
3538,58.966667,28.392,1733,22406,17015,280.0
3539,58.983333,30.118,1583,20450,15244,280.0
3540,59.0,31.958,1229,18064,14228,280.0
3541,59.016667,33.586,1150,16458,13528,280.0
3542,59.033333,35.072,1099,14547,12435,280.0
3543,59.05,36.786,885,10024,8963,280.0
3544,59.066667,36.209,888,9474,8620,280.0
3545,59.083333,35.447,827,8097,7676,280.0
3546,59.1,34.674,783,7737,7720,280.0
3547,59.116667,33.834,732,7114,7101,280.0
3548,59.133333,33.073,584,4201,4201,280.0
3549,59.15,33.373,522,2272,2272,280.0
3550,59.166667,33.332,250,627,627,280.0
3551,59.183333,35.28,177,178,178,280.0
3552,59.2,36.574,117,0,0,-1
3553,59.216667,33.189,30,0,0,-1
3554,59.233333,29.227,0,0,0,-1
3555,59.25,24.298,0,0,0,-1
3556,59.266667,20.89,0,0,0,-1
3557,59.283333,17.472,0,0,0,-1
3558,59.3,15.246,0,0,0,-1
3559,59.316667,15.945,0,0,0,-1
3560,59.333333,16.309,0,0,0,-1
3561,59.35,16.318,0,0,0,-1
3562,59.366667,16.31,0,0,0,-1
3563,59.383333,16.292,0,0,0,-1
3564,59.4,16.285,0,0,0,-1
3565,59.416667,16.288,0,0,0,-1
3566,59.433333,16.274,0,0,0,-1
3567,59.45,16.279,0,0,0,-1
3568,59.466667,16.267,0,0,0,-1
3569,59.483333,16.276,0,0,0,-1
3570,59.5,16.274,0,0,0,-1
3571,59.516667,16.26,0,0,0,-1
3572,59.533333,16.264,0,0,0,-1
3573,59.55,16.269,0,0,0,-1
3574,59.566667,16.263,0,0,0,-1
3575,59.583333,16.273,0,0,0,-1
3576,59.6,16.273,0,0,0,-1
3577,59.616667,16.276,0,0,0,-1
3578,59.633333,16.281,0,0,0,-1
3579,59.65,16.29,0,0,0,-1
3580,59.666667,16.294,0,0,0,-1
3581,59.683333,16.307,0,0,0,-1
3582,59.7,16.305,0,0,0,-1
3583,59.716667,16.308,0,0,0,-1
3584,59.733333,16.306,0,0,0,-1
3585,59.75,16.307,0,0,0,-1
3586,59.766667,16.316,0,0,0,-1
3587,59.783333,16.317,0,0,0,-1
3588,59.8,16.323,0,0,0,-1
3589,59.816667,16.333,0,0,0,-1
3590,59.833333,16.335,0,0,0,-1
3591,59.85,16.333,0,0,0,-1
3592,59.866667,16.337,0,0,0,-1
3593,59.883333,16.331,0,0,0,-1
3594,59.9,16.328,0,0,0,-1
3595,59.916667,16.322,0,0,0,-1
3596,59.933333,16.317,0,0,0,-1
3597,59.95,16.295,0,0,0,-1
3598,59.966667,16.346,0,0,0,-1
3599,59.983333,16.333,0,0,0,-1
3600,60.0,16.341,0,0,0,-1
3601,60.016667,16.325,0,0,0,-1
3602,60.033333,16.327,0,0,0,-1
3603,60.05,16.317,0,0,0,-1
3604,60.066667,16.337,0,0,0,-1
3605,60.083333,16.313,0,0,0,-1
3606,60.1,16.308,0,0,0,-1
3607,60.116667,16.309,0,0,0,-1
3608,60.133333,16.309,0,0,0,-1
3609,60.15,16.3,0,0,0,-1
3610,60.166667,16.341,0,0,0,-1
3611,60.183333,16.33,0,0,0,-1
3612,60.2,16.346,10,0,0,-1
3613,60.216667,16.334,7,0,0,-1
3614,60.233333,16.342,1,0,0,-1
3615,60.25,16.353,8,0,0,-1
3616,60.266667,16.358,13,0,0,-1
3617,60.283333,16.362,10,0,0,-1
3618,60.3,16.374,26,0,0,-1
3619,60.316667,16.369,13,0,0,-1
3620,60.333333,16.39,38,0,0,-1
3621,60.35,16.406,62,0,0,-1
3622,60.366667,16.386,111,0,0,-1
3623,60.383333,16.359,49,6,0,627.0
3624,60.4,16.407,232,245,0,581.0
3625,60.416667,16.454,549,503,0,598.0
3626,60.433333,16.449,533,901,0,582.0
3627,60.45,16.443,578,720,0,565.0
3628,60.466667,16.418,520,759,0,552.0
3629,60.483333,16.396,477,821,0,542.0
3630,60.5,16.391,460,845,0,538.0
3631,60.516667,16.367,342,863,0,533.0
3632,60.533333,16.375,366,877,0,532.0
3633,60.55,16.371,362,900,0,530.0
3634,60.566667,16.362,235,873,0,530.0
3635,60.583333,16.339,174,908,0,526.0
3636,60.6,16.358,148,904,0,522.0
3637,60.616667,16.351,120,897,0,520.0
3638,60.633333,16.353,151,911,0,502.0
3639,60.65,16.36,117,942,0,489.0
3640,60.666667,16.361,126,1014,0,462.0
3641,60.683333,16.364,108,1044,43,436.0
3642,60.7,16.353,115,942,89,402.0
3643,60.716667,16.352,118,875,147,368.0
3644,60.733333,16.36,114,823,158,368.0
3645,60.75,16.37,129,770,162,368.0
3646,60.766667,16.376,137,797,155,368.0
3647,60.783333,16.384,116,792,162,368.0
3648,60.8,16.393,150,837,165,368.0
3649,60.816667,16.42,112,812,163,370.0
3650,60.833333,16.402,120,761,149,370.0
3651,60.85,16.39,159,844,181,370.0
3652,60.866667,16.394,182,793,142,370.0
3653,60.883333,16.387,153,791,162,370.0
3654,60.9,16.403,173,741,143,370.0
3655,60.916667,16.404,198,768,157,370.0
3656,60.933333,16.424,203,773,135,368.0
3657,60.95,16.431,246,773,78,368.0
3658,60.966667,16.434,670,936,151,366.0
3659,60.983333,16.445,1025,937,162,364.0
3660,61.0,16.43,1504,759,130,364.0
3661,61.016667,16.415,2406,676,153,362.0
3662,61.033333,16.425,3159,580,157,362.0
3663,61.05,16.393,3824,534,141,360.0
3664,61.066667,16.401,4628,501,141,360.0
3665,61.083333,16.386,5256,465,136,359.0
3666,61.1,16.359,5533,536,162,358.0
3667,61.116667,16.361,6171,462,157,358.0
3668,61.133333,16.366,6414,466,203,358.0
3669,61.15,16.354,6564,585,243,358.0
3670,61.166667,16.358,6725,325,84,358.0
3671,61.183333,16.354,7112,393,148,358.0
3672,61.2,16.36,7563,417,120,358.0
3673,61.216667,16.374,7862,360,74,358.0
3674,61.233333,16.385,8037,387,104,360.0
3675,61.25,16.368,8233,332,55,358.0
3676,61.266667,16.377,8349,464,119,358.0
3677,61.283333,16.394,8343,556,237,358.0
3678,61.3,16.383,8531,444,121,379.0
3679,61.316667,16.397,8239,405,130,364.0
3680,61.333333,16.384,7998,483,240,359.0
3681,61.35,16.396,7818,418,219,358.0
3682,61.366667,16.39,7326,367,183,359.0
3683,61.383333,16.397,6517,360,167,358.0
3684,61.4,16.397,6431,377,164,358.0
3685,61.416667,16.419,5974,462,244,358.0
3686,61.433333,16.414,5807,461,222,358.0
3687,61.45,16.408,5918,500,209,358.0
3688,61.466667,16.434,5670,593,248,358.0
3689,61.483333,16.439,5202,533,173,358.0
3690,61.5,16.438,4876,499,143,359.0
3691,61.516667,16.424,4500,652,263,358.0
3692,61.533333,16.418,4224,583,213,358.0
3693,61.55,16.417,3889,534,181,358.0
3694,61.566667,16.411,3732,544,168,358.0
3695,61.583333,16.413,3565,603,140,359.0
3696,61.6,16.405,3273,641,205,360.0
3697,61.616667,16.391,2969,702,214,358.0
3698,61.633333,16.388,2779,801,181,358.0
3699,61.65,16.376,2549,949,227,358.0
3700,61.666667,16.376,2423,868,156,358.0
3701,61.683333,16.355,2362,795,134,359.0
3702,61.7,16.36,2448,897,205,359.0
3703,61.716667,16.351,1891,787,173,358.0
3704,61.733333,16.352,1687,732,151,358.0
3705,61.75,16.345,1504,840,171,358.0
3706,61.766667,16.342,1558,1021,150,359.0
3707,61.783333,16.344,1348,1029,210,359.0
3708,61.8,16.343,1281,1077,195,359.0
3709,61.816667,16.353,1208,1142,141,359.0
3710,61.833333,16.371,967,1317,215,358.0
3711,61.85,16.371,802,1346,141,358.0
3712,61.866667,16.388,760,1492,172,359.0
3713,61.883333,16.389,698,1639,207,359.0
3714,61.9,16.405,623,1634,158,359.0
3715,61.916667,16.405,509,1412,138,359.0
3716,61.933333,16.409,438,1165,176,359.0
3717,61.95,16.411,455,1685,182,359.0
3718,61.966667,16.408,449,893,212,359.0
3719,61.983333,16.409,351,1020,175,359.0
3720,62.0,16.443,361,1092,198,359.0
3721,62.016667,16.426,349,1328,218,359.0
3722,62.033333,16.436,275,1435,155,359.0
3723,62.05,16.434,333,1655,198,359.0
3724,62.066667,16.436,344,1769,265,359.0
3725,62.083333,16.441,368,1707,195,358.0
3726,62.1,16.441,311,1516,145,360.0
3727,62.116667,16.435,377,1689,238,360.0
3728,62.133333,16.426,209,1576,121,368.0
3729,62.15,16.418,128,1756,145,372.0
3730,62.166667,16.414,176,1642,139,376.0
3731,62.183333,16.406,199,1632,125,382.0
3732,62.2,16.396,205,1054,113,394.0
3733,62.216667,16.394,200,971,107,400.0
3734,62.233333,16.379,208,794,108,406.0
3735,62.25,16.383,193,648,123,414.0
3736,62.266667,16.381,194,454,101,416.0
3737,62.283333,16.381,197,438,103,423.0
3738,62.3,16.383,206,394,79,428.0
3739,62.316667,16.381,218,390,80,430.0
3740,62.333333,16.38,188,378,56,432.0
3741,62.35,16.381,194,465,56,432.0
3742,62.366667,16.389,208,396,51,436.0
3743,62.383333,16.388,202,453,50,436.0
3744,62.4,16.396,192,421,52,438.0
3745,62.416667,16.403,173,400,42,440.0
3746,62.433333,16.401,184,401,51,444.0
3747,62.45,16.409,170,373,46,446.0
3748,62.466667,16.422,170,406,53,446.0
3749,62.483333,16.423,148,405,42,447.0
3750,62.5,16.416,137,440,38,448.0
3751,62.516667,16.419,147,473,42,448.0
3752,62.533333,16.425,153,508,26,448.0
3753,62.55,16.425,176,570,26,448.0
3754,62.566667,16.426,173,586,24,448.0
3755,62.583333,16.433,170,654,26,448.0
3756,62.6,16.434,179,589,28,446.0
3757,62.616667,16.434,180,431,58,444.0
3758,62.633333,16.439,178,394,39,442.0
3759,62.65,16.443,193,394,48,436.0
3760,62.666667,16.438,204,468,56,432.0
3761,62.683333,16.44,160,574,108,428.0
3762,62.7,16.429,174,612,73,422.0
3763,62.716667,16.424,194,520,76,416.0
3764,62.733333,16.41,186,502,87,411.0
3765,62.75,16.407,220,533,108,406.0
3766,62.766667,16.397,220,630,106,400.0
3767,62.783333,16.384,240,638,114,396.0
3768,62.8,16.388,242,717,115,394.0
3769,62.816667,16.381,207,687,123,388.0
3770,62.833333,16.382,204,774,128,385.0
3771,62.85,16.381,211,738,132,382.0
3772,62.866667,16.374,185,828,143,378.0
3773,62.883333,16.379,200,851,144,374.0
3774,62.9,16.382,221,946,220,371.0
3775,62.916667,16.378,222,968,206,368.0
3776,62.933333,16.382,240,1041,208,364.0
3777,62.95,16.386,260,985,196,362.0
3778,62.966667,16.385,264,1039,162,360.0
3779,62.983333,16.404,322,1000,143,356.0
3780,63.0,16.428,304,1033,141,354.0
3781,63.016667,16.431,325,1044,135,354.0
3782,63.033333,16.441,333,903,134,354.0
3783,63.05,16.414,325,930,135,354.0
3784,63.066667,16.407,311,909,136,354.0
3785,63.083333,16.417,295,867,139,354.0
3786,63.1,16.419,328,967,146,354.0
3787,63.116667,16.419,277,916,167,355.0
3788,63.133333,16.42,275,962,211,356.0
3789,63.15,16.424,266,979,177,358.0
3790,63.166667,16.431,271,966,170,358.0
3791,63.183333,16.428,265,980,170,358.0
3792,63.2,16.436,238,864,160,360.0
3793,63.216667,16.439,279,865,164,360.0
3794,63.233333,16.429,272,847,145,361.0
3795,63.25,16.42,291,841,152,362.0
3796,63.266667,16.411,293,858,169,362.0
3797,63.283333,16.405,269,816,156,362.0
3798,63.3,16.394,262,840,160,362.0
3799,63.316667,16.384,205,841,156,362.0
3800,63.333333,16.387,231,863,156,362.0
3801,63.35,16.372,228,946,158,362.0
3802,63.366667,16.37,238,947,162,362.0
3803,63.383333,16.365,235,914,161,362.0
3804,63.4,16.367,250,992,171,362.0
3805,63.416667,16.365,258,935,172,362.0
3806,63.433333,16.366,280,987,204,362.0
3807,63.45,16.37,294,1014,167,362.0
3808,63.466667,16.374,308,973,163,362.0
3809,63.483333,16.379,339,983,156,360.0
3810,63.5,16.378,301,986,148,360.0
3811,63.516667,16.394,334,994,175,360.0
3812,63.533333,16.398,330,1019,166,360.0
3813,63.55,16.409,346,971,164,360.0
3814,63.566667,16.417,336,1043,197,360.0
3815,63.583333,16.426,317,1011,199,360.0
3816,63.6,16.423,307,1055,197,360.0
3817,63.616667,16.431,309,998,199,359.0
3818,63.633333,16.43,300,901,173,358.0
3819,63.65,16.431,289,904,172,358.0
3820,63.666667,16.439,316,973,167,358.0
3821,63.683333,16.442,263,958,166,358.0
3822,63.7,16.443,293,1068,178,358.0
3823,63.716667,16.454,303,952,167,358.0
3824,63.733333,16.459,315,789,154,358.0
3825,63.75,16.454,314,863,177,358.0
3826,63.766667,16.448,319,858,193,358.0
3827,63.783333,16.441,312,869,218,358.0
3828,63.8,16.445,311,860,199,358.0
3829,63.816667,16.431,316,903,218,358.0
3830,63.833333,16.42,319,911,240,358.0
3831,63.85,16.417,310,884,214,358.0
3832,63.866667,16.401,310,912,240,358.0
3833,63.883333,16.394,305,944,252,358.0
3834,63.9,16.392,324,929,237,358.0
3835,63.916667,16.389,300,981,255,358.0
3836,63.933333,16.375,330,908,178,358.0
3837,63.95,16.376,337,936,195,359.0
3838,63.966667,16.37,317,1080,251,358.0
3839,63.983333,16.373,321,1031,235,358.0
3840,64.0,16.397,328,956,170,358.0
3841,64.016667,16.384,329,1008,199,358.0
3842,64.033333,16.376,319,1009,202,358.0
3843,64.05,16.39,346,987,205,359.0
3844,64.066667,16.385,338,958,207,358.0
3845,64.083333,16.404,334,977,196,358.0
3846,64.1,16.404,335,960,218,358.0
3847,64.116667,16.411,333,946,192,358.0
3848,64.133333,16.414,331,946,205,358.0
3849,64.15,16.419,325,1038,253,358.0
3850,64.166667,16.427,328,894,188,358.0
3851,64.183333,16.427,325,927,221,358.0
3852,64.2,16.427,329,843,178,358.0
3853,64.216667,16.427,366,849,194,359.0
3854,64.233333,16.426,311,935,245,358.0
3855,64.25,16.432,339,875,216,358.0
3856,64.266667,16.44,328,911,208,358.0
3857,64.283333,16.445,328,936,249,358.0
3858,64.3,16.45,361,935,208,358.0
3859,64.316667,16.446,307,928,240,358.0
3860,64.333333,16.448,312,900,221,358.0
3861,64.35,16.439,342,885,203,358.0
3862,64.366667,16.429,257,925,241,364.0
3863,64.383333,16.425,232,834,144,366.0
3864,64.4,16.411,220,847,144,374.0
3865,64.416667,16.401,221,826,138,378.0
3866,64.433333,16.394,232,752,119,386.0
3867,64.45,16.382,237,657,118,394.0
3868,64.466667,16.384,218,625,114,400.0
3869,64.483333,16.378,211,640,101,406.0
3870,64.5,16.377,188,650,114,414.0
3871,64.516667,16.385,209,704,65,418.0
3872,64.533333,16.372,188,788,102,419.0
3873,64.55,16.381,191,728,98,428.0
3874,64.566667,16.381,198,723,84,430.0
3875,64.583333,16.381,197,659,58,432.0
3876,64.6,16.384,194,634,53,434.0
3877,64.616667,16.38,196,615,48,436.0
3878,64.633333,16.404,187,538,44,438.0
3879,64.65,16.401,190,545,40,440.0
3880,64.666667,16.409,185,515,40,440.0
3881,64.683333,16.415,166,521,41,442.0
3882,64.7,16.426,162,509,40,444.0
3883,64.716667,16.423,169,519,41,446.0
3884,64.733333,16.433,164,466,38,448.0
3885,64.75,16.432,180,464,36,448.0
3886,64.766667,16.433,187,491,33,448.0
3887,64.783333,16.446,167,450,36,448.0
3888,64.8,16.44,173,445,35,448.0
3889,64.816667,16.453,171,445,39,448.0
3890,64.833333,16.444,185,456,38,448.0
3891,64.85,16.447,185,443,44,448.0
3892,64.866667,16.448,158,435,40,444.0
3893,64.883333,16.45,169,446,40,440.0
3894,64.9,16.452,180,472,48,436.0
3895,64.916667,16.445,196,581,96,430.0
3896,64.933333,16.431,202,557,82,426.0
3897,64.95,16.414,176,641,72,422.0
3898,64.966667,16.406,189,533,76,416.0
3899,64.983333,16.4,222,534,95,410.0
3900,65.0,16.415,187,650,120,408.0
3901,65.016667,16.384,203,603,108,400.0
3902,65.033333,16.377,253,687,109,396.0
3903,65.05,16.38,263,634,114,392.0
3904,65.066667,16.376,229,741,119,388.0
3905,65.083333,16.377,217,835,141,385.0
3906,65.1,16.382,220,786,131,382.0
3907,65.116667,16.38,198,892,141,377.0
3908,65.133333,16.383,207,1029,174,374.0
3909,65.15,16.393,215,1077,206,372.0
3910,65.166667,16.393,237,1043,212,366.0
3911,65.183333,16.393,209,927,127,364.0
3912,65.2,16.386,234,994,185,362.0
3913,65.216667,16.406,244,985,140,358.0
3914,65.233333,16.409,244,968,135,356.0
3915,65.25,16.418,260,982,141,354.0
3916,65.266667,16.421,301,972,135,354.0
3917,65.283333,16.426,333,947,140,354.0
3918,65.3,16.429,321,955,138,354.0
3919,65.316667,16.431,339,959,135,354.0
3920,65.333333,16.433,337,944,137,354.0
3921,65.35,16.441,346,944,142,354.0
3922,65.366667,16.445,303,1063,216,356.0
3923,65.383333,16.453,305,1057,228,356.0
3924,65.4,16.454,294,992,168,358.0
3925,65.416667,16.452,262,959,174,358.0
3926,65.433333,16.454,268,962,166,358.0
3927,65.45,16.445,298,862,159,360.0
3928,65.466667,16.436,264,874,160,360.0
3929,65.483333,16.428,282,856,147,360.0
3930,65.5,16.418,305,835,169,362.0
3931,65.516667,16.41,316,822,152,362.0
3932,65.533333,16.402,300,791,152,362.0
3933,65.55,16.397,303,798,154,362.0
3934,65.566667,16.38,239,939,157,362.0
3935,65.583333,16.386,278,964,157,362.0
3936,65.6,16.374,266,991,157,362.0
3937,65.616667,16.377,291,975,157,362.0
3938,65.633333,16.373,272,979,166,362.0
3939,65.65,16.373,295,1004,173,362.0
3940,65.666667,16.376,310,1030,193,362.0
3941,65.683333,16.377,301,964,201,362.0
3942,65.7,16.375,298,967,196,362.0
3943,65.716667,16.383,318,959,150,360.0
3944,65.733333,16.385,315,958,146,361.0
3945,65.75,16.389,313,982,163,360.0
3946,65.766667,16.409,309,966,163,360.0
3947,65.783333,16.405,302,915,175,360.0
3948,65.8,16.408,300,897,165,360.0
3949,65.816667,16.417,303,982,207,360.0
3950,65.833333,16.415,305,975,216,360.0
3951,65.85,16.423,335,965,197,360.0
3952,65.866667,16.421,315,910,175,360.0
3953,65.883333,16.429,305,930,172,358.0
3954,65.9,16.433,292,934,170,358.0
3955,65.916667,16.43,307,956,167,358.0
3956,65.933333,16.444,310,966,168,358.0
3957,65.95,16.446,298,972,195,358.0
3958,65.966667,16.453,314,891,172,358.0
3959,65.983333,16.45,292,880,214,358.0
3960,66.0,16.47,301,893,207,359.0
3961,66.016667,16.447,337,888,229,359.0
3962,66.033333,16.444,328,863,234,359.0
3963,66.05,16.428,319,845,216,359.0
3964,66.066667,16.422,323,941,260,358.0
3965,66.083333,16.413,323,891,196,359.0
3966,66.1,16.402,311,953,233,359.0
3967,66.116667,16.395,326,1007,258,358.0
3968,66.133333,16.393,311,917,244,358.0
3969,66.15,16.39,318,954,246,358.0
3970,66.166667,16.393,324,922,239,358.0
3971,66.183333,16.386,330,973,213,359.0
3972,66.2,16.385,327,1107,266,359.0
3973,66.216667,16.391,293,1046,230,358.0
3974,66.233333,16.385,330,939,181,358.0
3975,66.25,16.385,333,1008,233,358.0
3976,66.266667,16.391,343,1032,212,358.0
3977,66.283333,16.39,301,1095,239,358.0
3978,66.3,16.408,339,1062,209,358.0
3979,66.316667,16.408,331,1062,217,358.0
3980,66.333333,16.41,340,1054,243,358.0
3981,66.35,16.426,340,915,172,358.0
3982,66.366667,16.422,338,990,233,358.0
3983,66.383333,16.423,353,952,244,358.0
3984,66.4,16.429,357,938,239,358.0
3985,66.416667,16.438,337,928,246,358.0
3986,66.433333,16.432,362,902,233,358.0
3987,66.45,16.436,368,916,222,359.0
3988,66.466667,16.44,356,984,259,359.0
3989,66.483333,16.448,353,977,244,358.0
3990,66.5,16.448,356,878,200,358.0
3991,66.516667,16.458,341,931,238,358.0
3992,66.533333,16.454,320,892,222,359.0
3993,66.55,16.456,313,897,253,359.0
3994,66.566667,16.445,323,931,237,358.0
3995,66.583333,16.441,320,876,222,358.0
3996,66.6,16.428,332,925,255,358.0
3997,66.616667,16.422,313,841,191,358.0
3998,66.633333,16.409,304,866,247,358.0
3999,66.65,16.402,309,952,267,358.0
4000,66.666667,16.397,318,928,233,358.0
4001,66.683333,16.393,290,971,248,358.0
4002,66.7,16.388,322,951,209,358.0
4003,66.716667,16.385,332,954,217,360.0
4004,66.733333,16.387,313,1004,265,358.0
4005,66.75,16.381,330,979,257,358.0
4006,66.766667,16.383,338,971,216,358.0
4007,66.783333,16.376,355,1033,253,358.0
4008,66.8,16.38,323,954,221,359.0
4009,66.816667,16.382,346,1035,254,359.0
4010,66.833333,16.386,348,1027,245,358.0
4011,66.85,16.396,337,1038,232,358.0
4012,66.866667,16.398,327,1047,250,358.0
4013,66.883333,16.401,338,1003,234,358.0
4014,66.9,16.411,307,989,245,359.0
4015,66.916667,16.408,305,1015,259,359.0
4016,66.933333,16.411,291,930,232,358.0
4017,66.95,16.419,290,888,228,358.0
4018,66.966667,16.422,330,790,169,358.0
4019,66.983333,16.417,318,867,208,360.0
4020,67.0,16.443,203,996,227,362.0
4021,67.016667,16.434,173,770,53,381.0
4022,67.033333,16.453,172,599,83,412.0
4023,67.05,16.436,5649,399,48,442.0
4024,67.066667,16.432,5573,525,0,462.0
4025,67.083333,16.444,5527,58,0,503.0
4026,67.1,16.434,5897,69,0,524.0
4027,67.116667,16.424,5645,93,0,550.0
4028,67.133333,16.429,5861,156,0,516.0
4029,67.15,16.421,6429,176,0,541.0
4030,67.166667,16.408,6184,295,0,514.0
4031,67.183333,16.395,6492,337,0,536.0
4032,67.2,16.388,6075,328,0,535.0
4033,67.216667,16.379,6021,332,0,544.0
4034,67.233333,16.371,5644,437,0,532.0
4035,67.25,16.373,4927,490,0,534.0
4036,67.266667,16.365,4843,539,0,556.0
4037,67.283333,16.369,4456,589,0,553.0
4038,67.3,16.373,3910,331,0,521.0
4039,67.316667,16.378,3329,57,0,526.0
4040,67.333333,16.379,3026,87,0,516.0
4041,67.35,16.369,2924,114,0,516.0
4042,67.366667,16.385,2611,132,0,517.0
4043,67.383333,16.387,2375,117,0,508.0
4044,67.4,16.28,1847,417,0,510.0
4045,67.416667,15.516,1346,256,0,566.0
4046,67.433333,15.22,1001,232,0,578.0
4047,67.45,19.511,639,94,0,642.0
4048,67.466667,27.95,8,21,20,280.0
4049,67.483333,31.048,19,84,84,297.0
4050,67.5,34.036,15,0,0,-1
4051,67.516667,33.716,261,804,804,280.0
4052,67.533333,33.9,698,1011,1011,280.0
4053,67.55,33.13,1050,3209,3209,280.0
4054,67.566667,33.511,1473,6299,6299,280.0
4055,67.583333,35.326,1742,7580,7058,280.0
4056,67.6,36.108,1854,9359,8287,280.0
4057,67.616667,36.122,1875,11047,9798,280.0
4058,67.633333,34.004,1941,15000,12441,280.0
4059,67.65,32.654,1984,17506,13896,280.0
4060,67.666667,30.048,2078,20093,15203,280.0
4061,67.683333,26.869,1895,24391,19035,280.0
4062,67.7,26.427,1762,24438,18739,280.0
4063,67.716667,26.478,1515,24490,18823,280.0
4064,67.733333,26.488,1495,24431,18767,280.0
4065,67.75,26.529,1379,24597,18885,280.0
4066,67.766667,26.546,1373,24580,18892,280.0
4067,67.783333,26.532,1304,24600,18912,280.0
4068,67.8,26.531,1313,24538,18843,280.0
4069,67.816667,26.54,1315,24564,18880,280.0
4070,67.833333,26.543,1300,24544,18870,280.0
4071,67.85,26.476,1226,24446,18784,280.0
4072,67.866667,26.447,1191,24404,18732,280.0
4073,67.883333,26.444,1197,24339,18671,280.0
4074,67.9,26.485,1195,24354,18675,280.0
4075,67.916667,26.477,1197,24351,18682,280.0
4076,67.933333,26.488,1210,24344,18641,280.0
4077,67.95,26.486,1205,24299,18620,280.0
4078,67.966667,26.504,1173,24305,18550,280.0
4079,67.983333,26.441,1160,24252,18545,280.0
4080,68.0,26.388,1313,24282,18399,280.0
4081,68.016667,26.388,1330,24372,18656,280.0
4082,68.033333,26.402,1318,24397,18669,280.0
4083,68.05,26.379,1314,24371,18625,280.0
4084,68.066667,26.363,1314,24353,18640,280.0
4085,68.083333,26.338,1266,24273,18615,280.0
4086,68.1,26.312,1248,24398,18678,280.0
4087,68.116667,26.313,1250,24362,18623,280.0
4088,68.133333,26.321,1201,24634,18769,280.0
4089,68.15,26.286,1166,24208,18478,280.0
4090,68.166667,26.293,1258,24266,18502,280.0
4091,68.183333,26.272,1180,24302,18583,280.0
4092,68.2,26.269,1241,24201,18510,280.0
4093,68.216667,26.277,1179,24100,18435,280.0
4094,68.233333,26.257,1181,24197,18461,280.0
4095,68.25,26.255,1174,24152,18433,280.0
4096,68.266667,26.24,1231,24147,18417,280.0
4097,68.283333,26.253,1158,24212,18406,280.0
4098,68.3,26.25,1228,24064,18300,280.0
4099,68.316667,26.255,1162,24076,18407,280.0
4100,68.333333,26.255,1220,24268,18491,280.0
4101,68.35,26.25,1245,24347,18509,280.0
4102,68.366667,26.257,1173,24434,18600,280.0
4103,68.383333,26.256,1242,24478,18631,280.0
4104,68.4,26.253,1233,24466,18524,280.0
4105,68.416667,26.247,1224,24377,18450,280.0
4106,68.433333,26.233,1237,24353,18420,280.0
4107,68.45,26.242,1242,24421,18545,280.0
4108,68.466667,26.237,1245,24319,18377,280.0
4109,68.483333,26.19,1239,24372,18435,280.0
4110,68.5,26.156,1194,24423,18504,280.0
4111,68.516667,26.154,1224,24341,18465,280.0
4112,68.533333,26.16,1213,24321,18432,280.0
4113,68.55,26.175,1221,24247,18382,280.0
4114,68.566667,26.327,1202,24405,18464,280.0
4115,68.583333,26.4,1253,24262,18405,280.0
4116,68.6,26.422,1226,24406,18517,280.0
4117,68.616667,26.347,1231,24398,18511,280.0
4118,68.633333,26.248,1228,24303,18473,280.0
4119,68.65,26.248,1272,24387,18537,280.0
4120,68.666667,26.247,1238,24347,18489,280.0
4121,68.683333,26.247,1214,24441,18503,280.0
4122,68.7,26.247,1242,24307,18433,280.0
4123,68.716667,26.244,1225,24422,18482,280.0
4124,68.733333,26.245,1226,24402,18519,280.0
4125,68.75,26.243,1223,24429,18491,280.0
4126,68.766667,26.246,1199,24493,18611,280.0
4127,68.783333,26.253,1209,24458,18553,280.0
4128,68.8,26.256,1183,24507,18593,280.0
4129,68.816667,26.249,1209,24439,18510,280.0
4130,68.833333,26.248,1179,24335,18453,280.0
4131,68.85,26.255,1227,24348,18444,280.0
4132,68.866667,26.248,1214,24445,18532,280.0
4133,68.883333,26.257,1229,24422,18454,280.0
4134,68.9,26.257,1245,24646,18650,280.0
4135,68.916667,26.234,1218,24659,18643,280.0
4136,68.933333,26.212,1201,24511,18495,280.0
4137,68.95,26.21,1205,24506,18497,280.0
4138,68.966667,26.212,1195,24512,18503,280.0
4139,68.983333,26.215,1199,24446,18445,280.0
4140,69.0,26.195,1115,24694,18660,280.0
4141,69.016667,26.2,1119,24657,18655,280.0
4142,69.033333,26.199,1116,24653,18652,280.0
